CREATE DATABASE reservasi_hotel
    WITH
    OWNER = postgres
    ENCODING = 'UTF8'
    CONNECTION LIMIT = -1
    IS_TEMPLATE = False;

CREATE TABLE public.guest
(
    guest_id character varying(10) NOT NULL,
    firstname character varying(15) NOT NULL,
    lastname character varying(15),
    address character varying(50) NOT NULL,
    gender character(9) NOT NULL,
    phonenumber character varying(13) NOT NULL,
    email character varying(50) NOT NULL,
    PRIMARY KEY (guest_id)
);

ALTER TABLE IF EXISTS public.guest
    OWNER to postgres;

CREATE TABLE public.reservation_agent
(
    reservationagent_id character varying(10) NOT NULL,
    firstname character varying(15) NOT NULL,
    lastname character varying(15),
    address character varying(50) NOT NULL,
    gender character(9) NOT NULL,
    phonenumber character varying(13) NOT NULL,
    email character varying(50) NOT NULL,
    PRIMARY KEY (reservationagent_id)
);

ALTER TABLE IF EXISTS public.reservation_agent
    OWNER to postgres;

CREATE TABLE public.hotels
(
    hotel_id character varying(10) NOT NULL,
    hotelname character varying(100) NOT NULL,
    address character varying(50) NOT NULL,
    price integer NOT NULL,
    PRIMARY KEY (hotel_id)
);

ALTER TABLE IF EXISTS public.hotels
    OWNER to postgres;

CREATE TABLE public.rooms
(
    room_id character varying(10) NOT NULL,
    hotel_id character varying(10) NOT NULL,
    type character varying(50) NOT NULL,
    number integer NOT NULL,
    floor character varying(10) NOT NULL,
    status character varying(10),
    PRIMARY KEY (room_id),
    CONSTRAINT hotel_id_fkey FOREIGN KEY (hotel_id)
        REFERENCES public.hotels (hotel_id) MATCH SIMPLE
        ON UPDATE NO ACTION
        ON DELETE NO ACTION
        NOT VALID
);

CREATE TABLE public.booking_status
(
    bookingstatus_id character varying(10) NOT NULL,
    status character varying(50) NOT NULL,
    description character varying(100) NOT NULL,
    PRIMARY KEY (bookingstatus_id)
);

ALTER TABLE IF EXISTS public.booking_status
    OWNER to postgres;

CREATE TABLE public.bookings
(
    booking_id character varying(10) NOT NULL,
    reservationagent_id character varying(10) NOT NULL,
    guest_id character varying(10) NOT NULL,
    hotel_id character varying(10) NOT NULL,
    bookingstatus_id character varying(10) NOT NULL,
    startdate date NOT NULL,
    enddate date NOT NULL,
    roomcount integer NOT NULL,
    PRIMARY KEY (booking_id),
    CONSTRAINT reservationagent_id_fkey FOREIGN KEY (reservationagent_id)
        REFERENCES public.reservation_agent (reservationagent_id) MATCH SIMPLE
        ON UPDATE NO ACTION
        ON DELETE NO ACTION
        NOT VALID,
    CONSTRAINT guest_id_fkey FOREIGN KEY (guest_id)
        REFERENCES public.guest (guest_id) MATCH SIMPLE
        ON UPDATE NO ACTION
        ON DELETE NO ACTION
        NOT VALID,
    CONSTRAINT hotel_id_fkey FOREIGN KEY (hotel_id)
        REFERENCES public.hotels (hotel_id) MATCH SIMPLE
        ON UPDATE NO ACTION
        ON DELETE NO ACTION
        NOT VALID,
     CONSTRAINT bookingstatus_id_fkey FOREIGN KEY (bookingstatus_id)
        REFERENCES public.booking_status (bookingstatus_id) MATCH SIMPLE
        ON UPDATE NO ACTION
        ON DELETE NO ACTION
        NOT VALID
);

CREATE TABLE public.room_booked
(
    roombooked_id character varying(10) NOT NULL,
    room_id character varying(10) NOT NULL,
    booking_id character varying(10) NOT NULL,
    rate character varying(10) NOT NULL,
    PRIMARY KEY (roombooked_id),
    CONSTRAINT room_id FOREIGN KEY (room_id)
        REFERENCES public.rooms (room_id) MATCH SIMPLE
        ON UPDATE NO ACTION
        ON DELETE NO ACTION
        NOT VALID,
    CONSTRAINT booking_id FOREIGN KEY (booking_id)
        REFERENCES public.bookings (booking_id) MATCH SIMPLE
        ON UPDATE NO ACTION
        ON DELETE NO ACTION
        NOT VALID
);

ALTER TABLE IF EXISTS public.room_booked
    OWNER to postgres;

INSERT INTO public.guest(guest_id, firstname, lastname, address, gender, phonenumber, email)
VALUES ('g001','Reni','Surahmat','Denpasar Timur, Denpasar Kota','Wanita','085282415634','Reni@gmail.com'),
('g002','Ghea','Juanda','Serpong, Tangerang Selatan Kota','Wanita','081224223771','Ghea@gmail.com'),
('g003','Moch','Romadhon','Tapos, Depok Kota','Pria','081275364957','Moch@gmail.com'),
('g004','Nabilla','Salma','Tuntang, Semarang Kab.','Wanita','081251733136','Nabilla@gmail.com'),
('g005','Cameelia','','Godean, Sleman Kab.','Wanita','085299238798','Cameelia@gmail.com'),
('g006','Afifah','','Serpong, Tangerang Selatan Kota','Wanita','082132145479','Afifah@gmail.com'),
('g007','Angelina','Simbolon','Batu, Batu Kota','Wanita','085232586675','Angelina@gmail.com'),
('g008','Akbar','Putra','Setia Budi, Jakarta Selatan','Pria','082114447146','Akbar@gmail.com'),
('g009','Rani','','Pondok Aren, Tangerang Selatan Kota','Wanita','085251828285','Rani@gmail.com'),
('g010','Dewi','Puspitasari','Pamulang, Tangerang Selatan Kota','Wanita','082195419794','Dewi@gmail.com'),
('g011','Anandita','Azzahra','Cibinong, Bogor Kab.','Wanita','081249917554','Anandita@gmail.com'),
('g012','Annisa','Asmarani','Serpong, Tangerang Selatan Kota','Wanita','182129473129','Annisa@gmail.com'),
('g013','Bella','','Gunung Putri, Bogor Kab.','Wanita','085263462841','Bella@gmail.com'),
('g014','Gusti','Putri','Semarang Barat, Semarang Kota','Wanita','085262494938','Gusti@gmail.com'),
('g015','Faizal','Rafi','Ciracas, Jakarta Timur','Pria','082198265269','Faizal@gmail.com'),
('g016','Nadia','Shafira','Mamajang, Makassar Kota','Wanita','081294591678','Nadia@gmail.com'),
('g017','Viona','Pasaribu','Wiyung, Surabaya Kota','Wanita','182179817113','Viona@gmail.com'),
('g018','Gita','','Jonggol, Bogor Kab.','Wanita','085242861117','Gita@gmail.com'),
('g019','Alda','Permana','Gunung Sindur, Bogor Kab.','Pria','085257747658','Alda@gmail.com'),
('g020','victor','','Pancoran, Jakarta Selatan','Pria','082179954875','victor@gmail.com'),
('g021','Wayan','','Bumi Serpong Damai, Tangerang Selatan Kota','Pria','081256111276','Wayan@gmail.com'),
('g022','Aurellia','Amelzsa','Tuntang, Semarang Kab.','Wanita','182197698411','Aurellia@gmail.com'),
('g023','Amsal','Hasana','Duren Sawit, Jakarta Timur','Wanita','085238595711','Amsal@gmail.com'),
('g024','Lisyantie','','Curug, Tangerang Kab.','Wanita','085263291191','Lisyantie@gmail.com'),
('g025','Zikra','','Pasar Minggu, Jakarta Selatan','Pria','082184453893','Zikra@gmail.com'),
('g026','Winner','Bofan','Cikarang Barat, Bekasi Kab.','Pria','081263812635','Winner@gmail.com'),
('g027','Thalita','Azzahra','Tanah Abang, Jakarta Pusat','Wanita','182172132416','Thalita@gmail.com'),
('g028','Cindy','Fhadilla','Duren Sawit, Jakarta Timur','Wanita','085295987984','Cindy@gmail.com'),
('g029','Gibran','Zahran','Arcamanik, Bandung Kota','Pria','085282637663','Gibran@gmail.com'),
('g030','Theresia','Nauli','Gading Serpong, Tangerang Kota','Wanita','082123712776','Theresia@gmail.com'),
('g031','Fachri','','Tarumajaya, Bekasi Kab.','Pria','081249257999','Fachri@gmail.com'),
('g032','Dwi','','Jonggol, Bogor Kab.','Wanita','182159965891','Dwi@gmail.com'),
('g033','Mirza','Deliantama','Menteng, Jakarta Pusat','Pria','085264126125','Mirza@gmail.com'),
('g034','Ilham','','Gunung Sindur, Bogor Kab.','Pria','085226752833','Ilham@gmail.com'),
('g035','Muhamad','Hikam','Bumi Serpong Damai, Tangerang Selatan Kota','Pria','082147744311','Muhamad@gmail.com'),
('g036','Ashari','Andrianti','Bumi Serpong Damai, Tangerang Selatan Kota','Wanita','081276153792','Ashari@gmail.com'),
('g037','Muhammad','Agisya','Kebayoran Baru, Jakarta Selatan','Pria','182167357746','Muhammad@gmail.com'),
('g038','Isma','Supriyadi','Lengkong, Bandung Kota','Wanita','085276756367','Isma@gmail.com'),
('g039','Ramadhani','','Jati Sampurna, Bekasi Kota','Wanita','085261624146','Ramadhani@gmail.com'),
('g040','Ega','','Jatinegara, Jakarta Timur','Wanita','082125313481','Ega@gmail.com'),
('g041','Firman','','Pondok Gede, Bekasi Kota','Pria','081272779315','Firman@gmail.com'),
('g042','Novalina','Azizah','Bekasi Selatan, Bekasi Kota','Wanita','182178174266','Novalina@gmail.com'),
('g043','Cosmas','Ananda','Serpong, Tangerang Selatan Kota','Pria','085216888359','Cosmas@gmail.com'),
('g044','Safitri','','Tanjung Barat, Jakarta Selatan','Wanita','085249441556','Safitri@gmail.com'),
('g045','Alma','','Cilodong, Depok Kota','Wanita','082132121252','Alma@gmail.com'),
('g046','Vyola','','Gading Serpong, Tangerang Kota','Wanita','081286334313','Vyola@gmail.com'),
('g047','Aldi','','Bumi Serpong Damai, Tangerang Selatan Kota','Pria','182171153624','Aldi@gmail.com'),
('g048','Virly','Putri','Jonggol, Bogor Kab.','Wanita','085266333713','Virly@gmail.com'),
('g049','Zikra','','Kebayoran Baru, Jakarta Selatan','Pria','085276399857','Zikra@gmail.com'),
('g050','Robby','Anshory','Jatinegara, Jakarta Timur','Pria','082127492633','Robby@gmail.com'),
('g051','Kezia','','Ngaglik, Sleman Kab.','Wanita','081235383635','Kezia@gmail.com'),
('g052','Aggia','Hermanto','Karangbahagia, Bekasi Kab.','Pria','182177828339','Aggia@gmail.com'),
('g053','Absherina','','Sukaraja, Bogor Kab.','Pria','085299663934','Absherina@gmail.com'),
('g054','Mochammad','Bachtiar','Batu, Batu Kota','Pria','085237579637','Mochammad@gmail.com'),
('g055','Georgius','','Kedamaian, Bandar Lampung Kota','Pria','082111383121','Georgius@gmail.com'),
('g056','Aristo','Anadya','Gading Serpong, Tangerang Kota','Wanita','081217511344','Aristo@gmail.com'),
('g057','Sherina','Putri','Pondok Aren, Tangerang Selatan Kota','Wanita','182136185733','Sherina@gmail.com'),
('g058','Surya','','Serpong, Tangerang Selatan Kota','Pria','085263479185','Surya@gmail.com'),
('g059','Muhammad','Lubis','Gading Serpong, Tangerang Kota','Pria','085231695672','Muhammad@gmail.com'),
('g060','Tiara','','Gading Serpong, Tangerang Kota','Wanita','082182377247','Tiara@gmail.com'),
('g061','Nabila','Junaedi','Klari, Karawang Kab.','Wanita','081223533367','Nabila@gmail.com'),
('g062','Nesri','','Marpoyan Damai, Pekanbaru Kota','Wanita','182112698446','Nesri@gmail.com'),
('g063','Fiona','Pinem','Cimanggis, Depok Kota','Wanita','085292361675','Fiona@gmail.com'),
('g064','Mutik','','Tampan, Pekanbaru Kota','Wanita','085261515621','Mutik@gmail.com'),
('g065','Mikhail','','Genuk, Semarang Kota','Pria','082136975778','Mikhail@gmail.com'),
('g066','Clarita','Gultom','Sukomanunggal, Surabaya Kota','Wanita','081247499254','Clarita@gmail.com'),
('g067','Widya','Rahayu','Serpong Utara, Tangerang Selatan Kota','Wanita','182144948332','Widya@gmail.com'),
('g068','Rizki','Pasha','Kebayoran Baru, Jakarta Selatan','Pria','085245389567','Rizki@gmail.com'),
('g069','Rina','Zakiya','Pondok Aren, Tangerang Selatan Kota','Wanita','085263565673','Rina@gmail.com'),
('g070','Jane','','Jatiasih, Bekasi Kota','Wanita','082113347888','Jane@gmail.com'),
('g071','Aprilianti','','Cicendo, Bandung Kota','Wanita','081252359179','Aprilianti@gmail.com'),
('g072','Najma','Syallya','Pandaan, Pasuruan Kab.','Wanita','182131449672','Najma@gmail.com'),
('g073','Erlanda','Wijaya','Kembangan, Jakarta Barat','Pria','085283811683','Erlanda@gmail.com'),
('g074','Stephanie','','Lengkong, Bandung Kota','Wanita','085256152361','Stephanie@gmail.com'),
('g075','Andika','Toruan','Bekasi Selatan, Bekasi Kota','Pria','082156946979','Andika@gmail.com'),
('g076','Ester','Riyandini','Kedaton, Bandar Lampung Kota','Wanita','081215173631','Ester@gmail.com'),
('g077','Ruben','','Tanah Sereal, Bogor Kota','Pria','182161251712','Ruben@gmail.com'),
('g078','Salsha','Putri','Darangdan, Purwakarta Kab.','Wanita','085266154213','Salsha@gmail.com'),
('g079','Gian','Algifari','Blimbing, Malang Kota','Pria','085261922566','Gian@gmail.com'),
('g080','Stefanie','Siregar','Tampan, Pekanbaru Kota','Wanita','082177944753','Stefanie@gmail.com'),
('g081','Eirene','','Pondok Aren, Tangerang Selatan Kota','Wanita','081294142565','Eirene@gmail.com'),
('g082','Gistia','Perdani','Kebayoran Lama, Jakarta Selatan','Wanita','182127415593','Gistia@gmail.com'),
('g083','Puspa','Rahmah','Darussalam, Aceh Besar Kab.','Wanita','085229184138','Puspa@gmail.com'),
('g084','Vira','Trivita','Rungkut, Surabaya Kota','Wanita','085256412184','Vira@gmail.com'),
('g085','Haifaninda','','Karang Tengah, Tangerang Kota','Pria','082125961234','Haifaninda@gmail.com'),
('g086','Darto','','Pamulang, Tangerang Selatan Kota','Pria','081211767116','Darto@gmail.com'),
('g087','syahna','','Deli Tua, Deli Serdang Kab.','Wanita','182169479942','syahna@gmail.com'),
('g088','Cherley','','Limo, Depok Kota','Wanita','085211733352','Cherley@gmail.com'),
('g089','Dimas','Farahat','Gununganyar, Surabaya Kota','Pria','085224536846','Dimas@gmail.com'),
('g090','Bayu','','Pererenan, Kab. Badung','Pria','082178149832','Bayu@gmail.com'),
('g091','Nisprima','Suparman','Citayam, Depok Kota','Pria','081292625281','Nisprima@gmail.com'),
('g092','Fathin','Aisyah','Pondok Aren, Tangerang Selatan Kota','Wanita','182144616517','Fathin@gmail.com'),
('g093','Nabila','','Ciputat, Tangerang Selatan Kota','Wanita','085224576355','Nabila@gmail.com'),
('g094','Stella','','Legok, Tangerang Kab.','Wanita','085253579942','Stella@gmail.com'),
('g095','Siti','Faujiah','Cikarang Utara, Bekasi Kab.','Wanita','082121552444','Siti@gmail.com'),
('g096','Salwa','Imtiyaz','Tebet, Jakarta Selatan','Wanita','081256732454','Salwa@gmail.com'),
('g097','Isal','','Sukasari, Bandung Kota','Pria','182178729236','Isal@gmail.com'),
('g098','Ananda','Mitra','Makassar, Makassar Kota','Wanita','085276656764','Ananda@gmail.com'),
('g099','Vika','','Tanah Sereal, Bogor Kota','Wanita','085213362827','Vika@gmail.com'),
('g100','Lukman','','Maja, Lebak Kab.','Pria','082191549584','Lukman@gmail.com'),
('g101','Muhammad','Sampurna','Dau, Malang Kab.','Pria','081285292223','Muhammad@gmail.com'),
('g102','Ukasyah','Alfarizi','Cinere, Depok Kota','Pria','182123685154','Ukasyah@gmail.com'),
('g103','Aisya','Ramadhani','Tebet, Jakarta Selatan','Wanita','085288683764','Aisya@gmail.com'),
('g104','Silvani','Aini','Mlati, Sleman Kab.','Wanita','085286348233','Silvani@gmail.com'),
('g105','Vandita','','Tigaraksa, Tangerang Kab.','Wanita','082179483687','Vandita@gmail.com'),
('g106','Adeline','Rusdianto','Kasihan, Bantul Kab.','Wanita','081245168158','Adeline@gmail.com'),
('g107','Anugrah','','Citeureup, Bogor Kab.','Pria','182187982236','Anugrah@gmail.com'),
('g108','Vinesa','Senida','Katapang, Bandung Kab.','Wanita','085221345353','Vinesa@gmail.com'),
('g109','Ayu','Safitri','Cikarang Utara, Bekasi Kab.','Wanita','085223977224','Ayu@gmail.com'),
('g110','Sharon','','Pondok Aren, Tangerang Selatan Kota','Pria','082159583326','Sharon@gmail.com'),
('g111','Dimas','Prasetyo','Mulyorejo, Surabaya Kota','Pria','081219347519','Dimas@gmail.com'),
('g112','Maya','Salsabilla','Cengkareng, Jakarta Barat','Wanita','182153675554','Maya@gmail.com'),
('g113','Muhammad','','Pedurungan, Semarang Kota','Pria','085286346466','Muhammad@gmail.com'),
('g114','Awalia','Azizah','Pondok Aren, Tangerang Selatan Kota','Wanita','085259526818','Awalia@gmail.com'),
('g115','Sri','Rahman','Kartasura, Sukoharjo Kab.','Wanita','082147642638','Sri@gmail.com'),
('g116','Tri','Fitri','Blimbing, Malang Kota','Wanita','081259736228','Tri@gmail.com'),
('g117','Arum','Juniarsih','Cibinong, Bogor Kab.','Wanita','182152411281','Arum@gmail.com'),
('g118','Kirana','Manusakerti','Jonggol, Bogor Kab.','Wanita','085265421953','Kirana@gmail.com'),
('g119','Ahmad','Fatoni','Cikarang Utara, Bekasi Kab.','Pria','085256323367','Ahmad@gmail.com'),
('g120','Alifryan','','Sukatani, Bekasi Kab.','Pria','082138524678','Alifryan@gmail.com'),
('g121','San','','Sawangan, Depok Kota','Pria','081292768211','San@gmail.com'),
('g122','Kezia','','Rancaekek, Bandung Kab.','Wanita','182158235897','Kezia@gmail.com'),
('g123','Nadillah','','Bojongsari, Depok Kota','Wanita','085226278268','Nadillah@gmail.com'),
('g124','Rizal','Faizi','Pagedangan, Tangerang Kab.','Pria','085239965392','Rizal@gmail.com'),
('g125','Muhammad','Ahdian','Jagakarsa, Jakarta Selatan','Pria','082171354872','Muhammad@gmail.com'),
('g126','Hidayati','Trianti','Sawangan, Depok Kota','Wanita','081223199882','Hidayati@gmail.com'),
('g127','Callista','Mulya','Banjar Baru Utara, Banjarbaru Kota','Wanita','182145465748','Callista@gmail.com'),
('g128','Laura','Aprilyanti','Ceper, Klaten Kab.','Wanita','085224344784','Laura@gmail.com'),
('g129','Indira','A','Jati Sampurna, Bekasi Kota','Wanita','085263943786','Indira@gmail.com'),
('g130','kinanti','','Pancoran Mas, Depok Kota','Wanita','082167167891','kinanti@gmail.com'),
('g131','Adisti','Ramdani','Gubeng, Surabaya Kota','Wanita','081244996717','Adisti@gmail.com'),
('g132','Fathia','Solihat','Kebayoran Baru, Jakarta Selatan','Wanita','182156833834','Fathia@gmail.com'),
('g133','Afifah','Prasetyo','Kebayoran Baru, Jakarta Selatan','Wanita','085299877943','Afifah@gmail.com'),
('g134','Devi','','Tanjung Priok, Jakarta Utara','Wanita','085218559561','Devi@gmail.com'),
('g135','Shangra','','Gajah Mungkur, Semarang Kota','Wanita','082162586551','Shangra@gmail.com'),
('g136','Rahmita','Kurnia','Jagakarsa, Jakarta Selatan','Wanita','081239827462','Rahmita@gmail.com'),
('g137','Echa','Prionggo','Tanjung Priok, Jakarta Utara','Wanita','182176158813','Echa@gmail.com'),
('g138','Bela','','Soekarno Hatta, Bandung Kota','Wanita','085258593964','Bela@gmail.com'),
('g139','Ade','Putra','Sawangan, Depok Kota','Pria','085232345797','Ade@gmail.com'),
('g140','Lucky','Kusumaningtias','Sukasari, Bandung Kota','Wanita','082142631995','Lucky@gmail.com'),
('g141','Mohamad','F.','Kalikotes, Klaten Kab.','Pria','081213174188','Mohamad@gmail.com'),
('g142','Syifa','Fahira','Rungkut, Surabaya Kota','Wanita','182169955813','Syifa@gmail.com'),
('g143','Aulia','Putriansyah','Pondok Aren, Tangerang Selatan Kota','Wanita','085214798445','Aulia@gmail.com'),
('g144','Muhammad','Adriswan','Ngawi, Ngawi Kab.','Pria','085289487674','Muhammad@gmail.com'),
('g145','Nabila','Ekaputri','Kebayoran Baru, Jakarta Selatan','Wanita','082147445596','Nabila@gmail.com'),
('g146','Nuri','Febrina','Buahbatu (Margacinta), Bandung Kota','Wanita','081226859171','Nuri@gmail.com'),
('g147','Fariza','Putri','Cikarang Utara, Bekasi Kab.','Wanita','182181222716','Fariza@gmail.com'),
('g148','Priscilla','','Sawangan, Depok Kota','Wanita','085298644871','Priscilla@gmail.com'),
('g149','Muhammad','Hakiqi','Teras, Boyolali Kab.','Pria','085254329898','Muhammad@gmail.com'),
('g150','Tubagus','Putra','Beji, Depok Kota','Pria','082176979746','Tubagus@gmail.com'),
('g151','Satrio','amin','Kelapa Dua, Tangerang Kab.','Pria','081222523885','Satrio@gmail.com'),
('g152','Istabrina','','Ranca Bali, Bandung Kab.','Wanita','182184817934','Istabrina@gmail.com'),
('g153','Syahrul','Wibowo','Rajeg, Tangerang Kab.','Pria','085271687321','Syahrul@gmail.com'),
('g154','Latifa','Asril','Cengkareng, Jakarta Barat','Wanita','085274782226','Latifa@gmail.com'),
('g155','Sazia','','Cengkareng, Jakarta Barat','Wanita','082115467716','Sazia@gmail.com'),
('g156','Salsabilla','','Cileungsi, Bogor Kab.','Wanita','081289949932','Salsabilla@gmail.com'),
('g157','Syifa','R','Trawas, Mojokerto Kab.','Wanita','182114452588','Syifa@gmail.com'),
('g158','Akbar','','Pancoran Mas, Depok Kota','Pria','085212612752','Akbar@gmail.com'),
('g159','Muhamad','Muharam','Makassar, Makassar Kota','Pria','085295892621','Muhamad@gmail.com'),
('g160','Theodorus','','Mustika Jaya, Bekasi Kota','Pria','082124346498','Theodorus@gmail.com'),
('g161','Ivana','Borang','Ciputat Timur, Tangerang Selatan Kota','Wanita','081239733269','Ivana@gmail.com'),
('g162','Tiara','','Serpong, Tangerang Selatan Kota','Wanita','182196751733','Tiara@gmail.com'),
('g163','Luthfiani','','Tigaraksa, Tangerang Kab.','Wanita','085216478344','Luthfiani@gmail.com'),
('g164','Naqiyyah','','Cimahi Utara, Cimahi Kota','Wanita','085229811897','Naqiyyah@gmail.com'),
('g165','Amanda','Hapsari','Depok, Sleman Kab.','Wanita','082187695753','Amanda@gmail.com'),
('g166','Refianto','','Pererenan, Kab. Badung','Pria','081269762221','Refianto@gmail.com'),
('g167','Febrio','','Makasar, Jakarta Timur','Pria','182122973592','Febrio@gmail.com'),
('g168','Nurul','','Trawas, Mojokerto Kab.','Wanita','085276235661','Nurul@gmail.com'),
('g169','Roja','Rahman','Pancoran, Jakarta Selatan','Pria','085261132425','Roja@gmail.com'),
('g170','Asri','Utami','Rungkut, Surabaya Kota','Wanita','082128154489','Asri@gmail.com'),
('g171','I','Sandhi','Duren Sawit, Jakarta Timur','Pria','081247437286','I@gmail.com'),
('g172','Ully','','Tanah Abang, Jakarta Pusat','Wanita','182115633958','Ully@gmail.com'),
('g173','Madilyn','','Gunungpati, Semarang Kota','Wanita','085262636773','Madilyn@gmail.com'),
('g174','Riska','Febrianti','Purwokerto Selatan, Banyumas Kab.','Wanita','085295627421','Riska@gmail.com'),
('g175','Hanson','','Sukajadi, Bandung Kota','Pria','082116371394','Hanson@gmail.com'),
('g176','Muhammad','Syahputra','Grogol, Sukoharjo Kab.','Pria','081279927144','Muhammad@gmail.com'),
('g177','Rafi','Darmawan','Pancoran Mas, Depok Kota','Pria','182183391214','Rafi@gmail.com'),
('g178','Ali','','Medan Selayang, Medan Kota','Pria','085256619977','Ali@gmail.com'),
('g179','Salsabila','Syahrial','Andir, Bandung Kota','Wanita','085264389117','Salsabila@gmail.com'),
('g180','Maharizky','Luhur','Banda Raya, Banda Aceh Kota','Pria','082176241855','Maharizky@gmail.com'),
('g181','Theresia','','Pancoran Mas, Depok Kota','Wanita','081285997726','Theresia@gmail.com'),
('g182','Syafiq','Putra','Pengasih, Kulon Progo Kab.','Wanita','182169696292','Syafiq@gmail.com'),
('g183','Adinda','Azzahra','Cimahi Tengah, Cimahi Kota','Wanita','085245941453','Adinda@gmail.com'),
('g184','Satriyo','','Pulo Gadung, Jakarta Timur','Pria','085289942877','Satriyo@gmail.com'),
('g185','Uzzi','Putra','Sukmajaya, Depok Kota','Pria','082193138764','Uzzi@gmail.com'),
('g186','Salma','Putri','Andir, Bandung Kota','Wanita','081248724259','Salma@gmail.com'),
('g187','Ilham','','Tenggilis Mejoyo, Surabaya Kota','Pria','182139731669','Ilham@gmail.com'),
('g188','Sulthan','Zaidan','Sukolilo, Surabaya Kota','Pria','085246355154','Sulthan@gmail.com'),
('g189','M.','','Cimanggis, Depok Kota','Pria','085221692291','M.@gmail.com'),
('g190','Ayu','','Banguntapan, Bantul Kab.','Wanita','082194841671','Ayu@gmail.com'),
('g191','Nindita','Lituhayu','Ngaglik, Sleman Kab.','Wanita','081215315865','Nindita@gmail.com'),
('g192','Rian','','Tanah Abang, Jakarta Pusat','Pria','182187878258','Rian@gmail.com'),
('g193','Sepfira','Sabrina','Sei Binge (Bingai), Langkat Kab.','Wanita','085275311748','Sepfira@gmail.com'),
('g194','Fatima','Pramanik','Depok, Sleman Kab.','Wanita','085212147482','Fatima@gmail.com'),
('g195','Irene','','Pamulang, Tangerang Selatan Kota','Wanita','082173673794','Irene@gmail.com'),
('g196','Valerie','Yang','Bekasi Selatan, Bekasi Kota','Wanita','081219142898','Valerie@gmail.com'),
('g197','Amalia','','Neglasari, Tangerang Kota','Wanita','182153947528','Amalia@gmail.com'),
('g198','Hafsoh','Muthmainnah','Mlati, Sleman Kab.','Pria','085299877713','Hafsoh@gmail.com'),
('g199','Friscilia','','Kebayoran Baru, Jakarta Selatan','Wanita','085261723146','Friscilia@gmail.com'),
('g200','Iqbal','','Bogor Barat - Kota, Bogor Kota','Pria','082178756149','Iqbal@gmail.com'),
('g201','Ananda','Namira','Bojongloa Kidul, Bandung Kota','Wanita','081234485497','Ananda@gmail.com'),
('g202','Ardhi','Zakiri','Rungkut, Surabaya Kota','Pria','182177432976','Ardhi@gmail.com'),
('g203','Yessica','Sitorus','Jagakarsa, Jakarta Selatan','Wanita','085274693115','Yessica@gmail.com'),
('g204','Aqladiva','Purwita','Percut Sei Tuan, Deli Serdang Kab.','Wanita','085254437179','Aqladiva@gmail.com'),
('g205','Jessica','S.','Pajangan, Bantul Kab.','Wanita','082144486748','Jessica@gmail.com'),
('g206','Ahmad','','Bekasi Selatan, Bekasi Kota','Pria','081214127688','Ahmad@gmail.com'),
('g207','Tarishah','Arini','Klojen, Malang Kota','Wanita','182193254957','Tarishah@gmail.com'),
('g208','Vania','','Kuta Utara, Kab. Badung','Wanita','085298721154','Vania@gmail.com'),
('g209','Nydia','','Ciputat, Tangerang Selatan Kota','Wanita','085282759645','Nydia@gmail.com'),
('g210','Dzikra','','Gresik, Gresik Kab.','Pria','082118736836','Dzikra@gmail.com'),
('g211','Syeifiya','','Mlati, Sleman Kab.','Wanita','081274788552','Syeifiya@gmail.com'),
('g212','Reza','Putra','Citayam, Depok Kota','Pria','182195411961','Reza@gmail.com'),
('g213','Daniel','','Ciomas, Bogor Kab.','Pria','085218758111','Daniel@gmail.com'),
('g214','Firdilla','','Pondok Aren, Tangerang Selatan Kota','Wanita','085272878973','Firdilla@gmail.com'),
('g215','Diva','','Cicendo, Bandung Kota','Wanita','082193789146','Diva@gmail.com'),
('g216','Armando','','Cibinong, Bogor Kab.','Pria','081223387534','Armando@gmail.com'),
('g217','GARIEGA','KAHA','Beji, Depok Kota','Pria','182195824744','GARIEGA@gmail.com'),
('g218','Ronauli','','Serpong, Tangerang Selatan Kota','Pria','085221135635','Ronauli@gmail.com'),
('g219','Latansa','','Sunggal, Deli Serdang Kab.','Wanita','085235465212','Latansa@gmail.com'),
('g220','Gloria','','Pancoran Mas, Depok Kota','Wanita','082112193384','Gloria@gmail.com'),
('g221','Ade','','Rungkut, Surabaya Kota','Wanita','081214543393','Ade@gmail.com'),
('g222','Elen','Putri','Cilodong, Depok Kota','Wanita','182152496615','Elen@gmail.com'),
('g223','Renata','Kristanto','Pakualaman, Yogyakarta Kota','Pria','085216897143','Renata@gmail.com'),
('g224','Ananda','','Grogol Petamburan, Jakarta Barat','Wanita','085244245143','Ananda@gmail.com'),
('g225','Abizar','','Serpong, Tangerang Selatan Kota','Pria','082184366733','Abizar@gmail.com'),
('g226','Raga','Pasha','Mantrijeron, Yogyakarta Kota','Pria','081226261942','Raga@gmail.com'),
('g227','Mark','','Sidoarjo, Sidoarjo  Kab.','Pria','182166911535','Mark@gmail.com'),
('g228','Syahrul','Zein','Cipayung, Jakarta Timur','Pria','085234762452','Syahrul@gmail.com'),
('g229','Reizah','Persulessy','Medan Kota, Medan Kota','Pria','085211632919','Reizah@gmail.com'),
('g230','Johanna','','Pancoran, Jakarta Selatan','Pria','082179927279','Johanna@gmail.com'),
('g231','Shabrina','Reinaldy','Cipayung, Jakarta Timur','Wanita','081243284771','Shabrina@gmail.com'),
('g232','Ahmad','','Kibin, Serang Kab.','Pria','182167173798','Ahmad@gmail.com'),
('g233','Fitkha','Amalia','Sukmajaya, Depok Kota','Wanita','085282593227','Fitkha@gmail.com'),
('g234','Muhamad','Firdaus','Cipayung, Jakarta Timur','Pria','085285742152','Muhamad@gmail.com'),
('g235','Risma','','Penjaringan, Jakarta Utara','Wanita','082187441468','Risma@gmail.com'),
('g236','Syahrul','Rasyad','Denpasar Timur, Denpasar Kota','Pria','081282386979','Syahrul@gmail.com'),
('g237','Chindy','Chintya','Ciracas, Jakarta Timur','Wanita','182131415167','Chindy@gmail.com'),
('g238','Salma','Ilpaj','Regol, Bandung Kota','Wanita','085231579886','Salma@gmail.com'),
('g239','Falah','Adlin','Serengan, Surakarta Kota','Wanita','085274928165','Falah@gmail.com'),
('g240','Yusuf','Syukur','Mergangsan, Yogyakarta Kota','Pria','082179998481','Yusuf@gmail.com'),
('g241','Nassyanda','','Kotagede, Yogyakarta Kota','Wanita','081289543351','Nassyanda@gmail.com'),
('g242','Nada','','Bukit Kecil, Palembang Kota','Wanita','182126951885','Nada@gmail.com'),
('g243','Rachma','Rifaniar','Banguntapan, Bantul Kab.','Pria','085266486134','Rachma@gmail.com'),
('g244','Raida','Kamilah','Serpong, Tangerang Selatan Kota','Wanita','085254488914','Raida@gmail.com'),
('g245','Farhat','','Sawangan, Depok Kota','Pria','082149665376','Farhat@gmail.com'),
('g246','Syifa','Joyo','Medan Area, Medan Kota','Wanita','081285568531','Syifa@gmail.com'),
('g247','Jessica','Simatupang','Klojen, Malang Kota','Wanita','182127467432','Jessica@gmail.com'),
('g248','Alvin','','Pondok Aren, Tangerang Selatan Kota','Pria','085264925495','Alvin@gmail.com'),
('g249','Gretta','','Lowokwaru, Malang Kota','Wanita','085214318293','Gretta@gmail.com'),
('g250','Rosikin','','Purwokerto Selatan, Banyumas Kab.','Wanita','082179457182','Rosikin@gmail.com'),
('g251','Oktavia','Krishna','Klojen, Malang Kota','Wanita','081239699183','Oktavia@gmail.com'),
('g252','Sina','','Menteng, Jakarta Pusat','Wanita','182153471165','Sina@gmail.com'),
('g253','Reza','','Ciputat, Tangerang Selatan Kota','Pria','085239565694','Reza@gmail.com'),
('g254','Aksel','','Mojoroto, Kediri Kota','Pria','085294575735','Aksel@gmail.com'),
('g255','Clarissa','','Banyumanik, Semarang Kota','Wanita','082176725839','Clarissa@gmail.com'),
('g256','Nur','CHRP','Wonokromo, Surabaya Kota','Wanita','081251558462','Nur@gmail.com'),
('g257','Arif','','Tigaraksa, Tangerang Kab.','Pria','182152528532','Arif@gmail.com'),
('g258','Arvyndito','Nugraha','Cilincing, Jakarta Utara','Pria','085229489381','Arvyndito@gmail.com'),
('g259','Naufal','','Arcamanik, Bandung Kota','Pria','085272235565','Naufal@gmail.com'),
('g260','Humaira','','Katapang, Bandung Kab.','Wanita','082146783364','Humaira@gmail.com'),
('g261','Ni','Susila','Makassar, Makassar Kota','Wanita','081259477636','Ni@gmail.com'),
('g262','Annisa','Azzahra','Waru, Sidoarjo  Kab.','Wanita','182172183716','Annisa@gmail.com'),
('g263','Mitya','','Pondok Aren, Tangerang Selatan Kota','Wanita','085298646298','Mitya@gmail.com'),
('g264','Louis','','Wua-Wua, Kendari Kota','Pria','085226692979','Louis@gmail.com'),
('g265','Bimo','Lasena','Kuta, Kab. Badung','Pria','082174928643','Bimo@gmail.com'),
('g266','Atha','Janitra','Tangerang, Tangerang Kota','Wanita','081222723182','Atha@gmail.com'),
('g267','Assyfa','','Wiyung, Surabaya Kota','Wanita','182182447856','Assyfa@gmail.com'),
('g268','Icen','Mufrida','Labuhan Ratu, Bandar Lampung Kota','Wanita','085251743593','Icen@gmail.com'),
('g269','Petryan','Pangihutan','Sidoarjo, Sidoarjo  Kab.','Pria','085251684979','Petryan@gmail.com'),
('g270','Laras','Kadresaning','Pondok Aren, Tangerang Selatan Kota','Wanita','082171164492','Laras@gmail.com'),
('g271','Nurmala','','Pajangan, Bantul Kab.','Wanita','081279593921','Nurmala@gmail.com'),
('g272','Sandi','','Pamanukan, Subang Kab.','Pria','182164466726','Sandi@gmail.com'),
('g273','Genta','','Serpong, Tangerang Selatan Kota','Pria','085246446447','Genta@gmail.com'),
('g274','Nanda','Sofyan','Sidomukti, Salatiga Kota','Pria','085274622865','Nanda@gmail.com'),
('g275','Mitha','','Curug, Tangerang Kab.','Wanita','082114166547','Mitha@gmail.com'),
('g276','Audrey','T','Karawaci, Tangerang Kota','Wanita','081291644799','Audrey@gmail.com'),
('g277','Teguh','','Lawang, Malang Kab.','Pria','182113394137','Teguh@gmail.com'),
('g278','Elvara','Salim','Semarang Selatan, Semarang Kota','Wanita','085255719255','Elvara@gmail.com'),
('g279','Siti','','Serengan, Surakarta Kota','Wanita','085293496263','Siti@gmail.com'),
('g280','Alvionita','','Campaka, Purwakarta Kab.','Wanita','082164615332','Alvionita@gmail.com'),
('g281','Elona','Manurung','Ciputat Timur, Tangerang Selatan Kota','Wanita','081265232246','Elona@gmail.com'),
('g282','Yohanes','','Pamulang, Tangerang Selatan Kota','Pria','182187395977','Yohanes@gmail.com'),
('g283','Ade','','Rungkut, Surabaya Kota','Pria','085262452935','Ade@gmail.com'),
('g284','Geby','Lenggu','Sukmajaya, Depok Kota','Wanita','085272764424','Geby@gmail.com'),
('g285','Nabila','Khasanah','Tingkir, Salatiga Kota','Wanita','082138384948','Nabila@gmail.com'),
('g286','Cindy','Nugroho','Cibitung, Bekasi Kab.','Wanita','081296377319','Cindy@gmail.com'),
('g287','Jedija','Aurellia','Ubud, Gianyar Kab.','Wanita','182129577425','Jedija@gmail.com'),
('g288','Putri','Febriani','Cengkareng, Jakarta Barat','Wanita','085265836552','Putri@gmail.com'),
('g289','Yondry','Sapulette','Karawang Timur, Karawang Kab.','Pria','085235722772','Yondry@gmail.com'),
('g290','Gema','Ramadhan','Serpong, Tangerang Selatan Kota','Pria','085215898596','Gema@gmail.com'),
('g291','Albert','','Sukun, Malang Kota','Pria','082161367828','Albert@gmail.com'),
('g292','Muhammad','Firdaus','Pondok Aren, Tangerang Selatan Kota','Pria','081225371377','Muhammad@gmail.com'),
('g293','Tifani','','Legok, Tangerang Kab.','Wanita','182112163692','Tifani@gmail.com'),
('g294','Kevin','Mark','Banyumanik, Semarang Kota','Pria','085248465169','Kevin@gmail.com'),
('g295','Yurika','','Serpong, Tangerang Selatan Kota','Wanita','085244126334','Yurika@gmail.com'),
('g296','Lailatul','Lubis','Bekasi Barat, Bekasi Kota','Wanita','082135371961','Lailatul@gmail.com'),
('g297','Mayang','M.','Pamulang, Tangerang Selatan Kota','Wanita','081221875112','Mayang@gmail.com'),
('g298','Rahardyan','','Ciputat Timur, Tangerang Selatan Kota','Pria','182135179859','Rahardyan@gmail.com'),
('g299','Ellysha','','Gununganyar, Surabaya Kota','Wanita','085284557298','Ellysha@gmail.com'),
('g300','Amalda','','Ciputat Timur, Tangerang Selatan Kota','Wanita','085286161781','Amalda@gmail.com');


INSERT INTO public.reservation_agent(reservationagent_id, firstname, lastname, address, gender, phonenumber, email)
VALUES('ra001','Zidny','Azmy','Pemenang, Lombok Utara','Pria','082196466856','Zidny@gmail.com'),
('ra002','Emilia','','Bekasi Selatan, Bekasi Kota','Wanita','081292994187','Emilia@gmail.com'),
('ra003','Neisya','','Duren Sawit, Jakarta Timur','Wanita','182144391425','Neisya@gmail.com'),
('ra004','Ivana','Fae','Buahbatu (Margacinta), Bandung Kota','Wanita','085231193227','Ivana@gmail.com'),
('ra005','Enrisa','','Astana Anyar, Bandung Kota','Wanita','085259253158','Enrisa@gmail.com'),
('ra006','Maya','','Sawah Besar, Jakarta Pusat','Wanita','082164795357','Maya@gmail.com'),
('ra007','Tiffany','','Katapang, Bandung Kab.','Wanita','081228432418','Tiffany@gmail.com'),
('ra008','Rifa','','Rappocini, Makassar Kota','Wanita','182147287616','Rifa@gmail.com'),
('ra009','Diana','','Menteng, Jakarta Pusat','Wanita','085256749135','Diana@gmail.com'),
('ra010','Fathia','','Ngaglik, Sleman Kab.','Wanita','085278374365','Fathia@gmail.com'),
('ra011','Muhamad','Satia','Arcamanik, Bandung Kota','Pria','082153743793','Muhamad@gmail.com'),
('ra012','Aneira','','Serpong, Tangerang Selatan Kota','Wanita','081232115248','Aneira@gmail.com'),
('ra013','Irma','Dewi','Gunung Putri, Bogor Kab.','Wanita','182192199393','Irma@gmail.com'),
('ra014','Nur','','Semarang Barat, Semarang Kota','Wanita','085297717344','Nur@gmail.com'),
('ra015','Patricia','','Ciracas, Jakarta Timur','Wanita','085241766522','Patricia@gmail.com'),
('ra016','Dila','Farras','Mamajang, Makassar Kota','Wanita','082194619833','Dila@gmail.com'),
('ra017','Adzany','Mulyadi','Wiyung, Surabaya Kota','Wanita','081269192562','Adzany@gmail.com'),
('ra018','A','Alva','Jonggol, Bogor Kab.','Wanita','182135339914','A@gmail.com'),
('ra019','Tri','','Gunung Sindur, Bogor Kab.','Pria','085224387262','Tri@gmail.com'),
('ra020','Muhammad','Zulfikar','Tanah Sereal, Bogor Kota','Pria','085266514535','Muhammad@gmail.com'),
('ra021','Rena','Fauziah','Tebet, Jakarta Selatan','Wanita','082164725896','Rena@gmail.com'),
('ra022','Rafi','Rabani','Serengan, Surakarta Kota','Pria','081229553777','Rafi@gmail.com'),
('ra023','Annisa','Nuari','Kebayoran Lama, Jakarta Selatan','Wanita','182131144884','Annisa@gmail.com'),
('ra024','Salsabila','','Citayam, Depok Kota','Wanita','085289653195','Salsabila@gmail.com'),
('ra025','Seno','','Cimanggis, Depok Kota','Pria','085271354244','Seno@gmail.com'),
('ra026','Mohamad','Haikal','Cibinong, Bogor Kab.','Pria','082171194743','Mohamad@gmail.com'),
('ra027','Febby','Maria','Cengkareng, Jakarta Barat','Wanita','081255192518','Febby@gmail.com'),
('ra028','Almaira','Ayudhiya','Ciracas, Jakarta Timur','Wanita','182164697772','Almaira@gmail.com'),
('ra029','Dewi','','Gunung Sindur, Bogor Kab.','Wanita','085252281993','Dewi@gmail.com'),
('ra030','Muhammad','Adi','Rungkut, Surabaya Kota','Pria','085276672173','Muhammad@gmail.com'),
('ra031','Nanda','Fitriani','Jogonalan, Klaten Kab.','Pria','082118815319','Nanda@gmail.com'),
('ra032','Tania','Putri','Medan Barat, Medan Kota','Wanita','081289275656','Tania@gmail.com'),
('ra033','Miftahul','','Pamulang, Tangerang Selatan Kota','Pria','182126283273','Miftahul@gmail.com'),
('ra034','Muhammad','Izzanur','Cipayung, Depok Kota','Pria','085277865582','Muhammad@gmail.com'),
('ra035','Naila','Azzahra','Salemadeg Timur, Tabanan Kab.','Wanita','085262743135','Naila@gmail.com'),
('ra036','Azwar','','Parung Panjang, Bogor Kab.','Pria','082176996477','Azwar@gmail.com'),
('ra037','James','','Pasar Minggu, Jakarta Selatan','Pria','081245945714','James@gmail.com'),
('ra038','Nanda','','Serpong, Tangerang Selatan Kota','Wanita','182176213523','Nanda@gmail.com'),
('ra039','Nadia','','Kasihan, Bantul Kab.','Wanita','085242866213','Nadia@gmail.com'),
('ra040','Indah','Pratiwi','Lawang, Malang Kab.','Wanita','085298721974','Indah@gmail.com'),
('ra041','Fadhilah','','Cibodas, Tangerang Kota','Pria','082119735771','Fadhilah@gmail.com'),
('ra042','Audi','Hakim','Benda, Tangerang Kota','Wanita','081277875437','Audi@gmail.com'),
('ra043','Anisa','Habibah','Serpong, Tangerang Selatan Kota','Wanita','182159883241','Anisa@gmail.com'),
('ra044','Ryandra','Aditya','Tanjung Barat, Jakarta Selatan','Pria','085239885162','Ryandra@gmail.com'),
('ra045','Made','Satriadharma','Cilodong, Depok Kota','Pria','085217544438','Made@gmail.com'),
('ra046','AQUINALDO','DEVON','Bulak, Surabaya Kota','Pria','082135721531','AQUINALDO@gmail.com'),
('ra047','Risky','','Balaraja, Tangerang Kab.','Pria','081237255291','Risky@gmail.com'),
('ra048','Afifah','','Bekasi Jaya, Bekasi Kab.','Wanita','182173565787','Afifah@gmail.com'),
('ra049','Faradina','Faza','Landasan Ulin, Banjarbaru Kota','Wanita','085272799337','Faradina@gmail.com'),
('ra050','Malvie','','Sukajadi, Pekanbaru Kota','Pria','085217754158','Malvie@gmail.com'),
('ra051','Rakha','Rahmat','Karawaci, Tangerang Kota','Pria','082119341311','Rakha@gmail.com'),
('ra052','Fico','','Mertoyudan, Magelang Kab.','Pria','081279689198','Fico@gmail.com'),
('ra053','Humaira','Ihwati','Landasan Ulin, Banjarbaru Kota','Wanita','182136266522','Humaira@gmail.com'),
('ra054','Muhammad','Akbar','Cimanggis, Depok Kota','Pria','085274161788','Muhammad@gmail.com'),
('ra055','Filzah','','Kembangan, Jakarta Barat','Wanita','085241389644','Filzah@gmail.com'),
('ra056','Sekarjingga','Ardjanty','Kelapa Gading, Jakarta Utara','Pria','082139827376','Sekarjingga@gmail.com'),
('ra057','Fauzan','','Sukomanunggal, Surabaya Kota','Pria','081252521913','Fauzan@gmail.com'),
('ra058','Yudhitia','','Gununganyar, Surabaya Kota','Pria','182158749918','Yudhitia@gmail.com'),
('ra059','Agustin','Puspa','Tangerang, Tangerang Kota','Wanita','085217268487','Agustin@gmail.com'),
('ra060','Lucky','','Cimanggis, Depok Kota','Pria','085217642384','Lucky@gmail.com'),
('ra061','Metriolani','','Cibinong, Bogor Kab.','Wanita','082173211323','Metriolani@gmail.com'),
('ra062','Zahra','N.','Gununganyar, Surabaya Kota','Wanita','081232132233','Zahra@gmail.com'),
('ra063','Wandi','','Telukjambe Barat, Karawang Kab.','Pria','182188451374','Wandi@gmail.com'),
('ra064','Salsabila','','Cinere, Depok Kota','Wanita','085281117369','Salsabila@gmail.com'),
('ra065','Jeihan','Ramdhani','Kebayoran Baru, Jakarta Selatan','Wanita','085278133938','Jeihan@gmail.com'),
('ra066','Silvi','','Sukomanunggal, Surabaya Kota','Wanita','082185964376','Silvi@gmail.com'),
('ra067','M','Khairurrijal','Serpong Utara, Tangerang Selatan Kota','Pria','081218948527','M@gmail.com'),
('ra068','Adinda','','Kebayoran Baru, Jakarta Selatan','Wanita','182145225555','Adinda@gmail.com'),
('ra069','Salsabila','','Pondok Aren, Tangerang Selatan Kota','Wanita','085288218517','Salsabila@gmail.com'),
('ra070','Miftah','Kusumawati','Jatiasih, Bekasi Kota','Wanita','085272589341','Miftah@gmail.com'),
('ra071','Alma','','Cicendo, Bandung Kota','Wanita','082133152999','Alma@gmail.com'),
('ra072','hafiz','heraldi','Pandaan, Pasuruan Kab.','Pria','081255598368','hafiz@gmail.com'),
('ra073','Meyli','Juliana','Kembangan, Jakarta Barat','Wanita','182192955986','Meyli@gmail.com'),
('ra074','Leivina','','Lengkong, Bandung Kota','Wanita','085282273538','Leivina@gmail.com'),
('ra075','Davila','','Bekasi Selatan, Bekasi Kota','Wanita','085221125744','Davila@gmail.com'),
('ra076','Rojiat','','Kedaton, Bandar Lampung Kota','Pria','082152354399','Rojiat@gmail.com'),
('ra077','Jocelyn','Patricktan','Tanah Sereal, Bogor Kota','Pria','081261126489','Jocelyn@gmail.com'),
('ra078','Christin','Millu','Darangdan, Purwakarta Kab.','Pria','182148624783','Christin@gmail.com'),
('ra079','Yunita','Kabah','Blimbing, Malang Kota','Wanita','085269187272','Yunita@gmail.com'),
('ra080','Gloria','','Tampan, Pekanbaru Kota','Wanita','085231159143','Gloria@gmail.com'),
('ra081','Retna','Wulandari','Pondok Aren, Tangerang Selatan Kota','Wanita','082138824824','Retna@gmail.com'),
('ra082','Kadek','Yulianingsih','Kebayoran Lama, Jakarta Selatan','Wanita','081259995314','Kadek@gmail.com'),
('ra083','Mila','','Darussalam, Aceh Besar Kab.','Wanita','182155421488','Mila@gmail.com'),
('ra084','Intan','','Rungkut, Surabaya Kota','Wanita','085227279878','Intan@gmail.com'),
('ra085','Alfarel','Syaifullah','Karang Tengah, Tangerang Kota','Pria','085249594218','Alfarel@gmail.com'),
('ra086','Achmad','Setianto','Cakung, Jakarta Timur','Pria','082189549511','Achmad@gmail.com'),
('ra087','Mekha','','Klaten Selatan, Klaten Kab.','Wanita','081276918833','Mekha@gmail.com'),
('ra088','Aulia','Nuranisa','Cicendo, Bandung Kota','Wanita','182116522288','Aulia@gmail.com'),
('ra089','Adira','','Cengkareng, Jakarta Barat','Pria','085223332859','Adira@gmail.com'),
('ra090','Nadia','','Cileunyi, Bandung Kab.','Pria','085292536784','Nadia@gmail.com'),
('ra091','Kevien','','Tebet, Jakarta Selatan','Pria','082185941252','Kevien@gmail.com'),
('ra092','FIRHAN','ADHA','Kasihan, Bantul Kab.','Pria','081258648638','FIRHAN@gmail.com'),
('ra093','Satya','Yogantara','Legok, Tangerang Kab.','Pria','182133761392','Satya@gmail.com'),
('ra094','Deborah','','Tomang, Jakarta Barat','Pria','085253231266','Deborah@gmail.com'),
('ra095','Rimmayani','','Ngemplak, Sleman Kab.','Wanita','085289741437','Rimmayani@gmail.com'),
('ra096','Muhammad','Ala','Tanjung Senang, Bandar Lampung Kota','Pria','082182475483','Muhammad@gmail.com'),
('ra097','Aprijal','','Cipayung, Depok Kota','Pria','081287823431','Aprijal@gmail.com'),
('ra098','Latifah','','Gedangan, Sidoarjo  Kab.','Wanita','182198622259','Latifah@gmail.com'),
('ra099','Cinta','Nurhamsry','Kuta Utara, Kab. Badung','Wanita','085212436349','Cinta@gmail.com'),
('ra100','Hanny','Haryono','Makassar, Makassar Kota','Wanita','085264197156','Hanny@gmail.com'),
('ra101','Sukma','','Serpong Utara, Tangerang Selatan Kota','Wanita','082146439737','Sukma@gmail.com'),
('ra102','Rakha','P.','Jonggol, Bogor Kab.','Pria','081287332632','Rakha@gmail.com'),
('ra103','Rayhan','Pahlevi','Medan Marelan, Medan Kota','Pria','182115869168','Rayhan@gmail.com'),
('ra104','Ery','Purwasani','Gununganyar, Surabaya Kota','Wanita','085267378645','Ery@gmail.com'),
('ra105','Kania','Rifkah','Cimahi Tengah, Cimahi Kota','Wanita','085249693758','Kania@gmail.com'),
('ra106','Yonico','Pratama','Kasihan, Bantul Kab.','Pria','082156438258','Yonico@gmail.com'),
('ra107','Lanang','Aji','Citeureup, Bogor Kab.','Pria','081281576215','Lanang@gmail.com'),
('ra108','Muhammad','Reza','Katapang, Bandung Kab.','Pria','182111668699','Muhammad@gmail.com'),
('ra109','Nadhira','Ramadhanty','Cikarang Utara, Bekasi Kab.','Wanita','085242659241','Nadhira@gmail.com'),
('ra110','Andita','Fadilah','Pondok Aren, Tangerang Selatan Kota','Wanita','085211767144','Andita@gmail.com'),
('ra111','Nadya','Maharani','Mulyorejo, Surabaya Kota','Wanita','082163877384','Nadya@gmail.com'),
('ra112','Aurelia','','Cengkareng, Jakarta Barat','Wanita','081295747799','Aurelia@gmail.com'),
('ra113','Hartono','','Pedurungan, Semarang Kota','Pria','182124789519','Hartono@gmail.com'),
('ra114','Dena','Azis','Pondok Aren, Tangerang Selatan Kota','Wanita','085239342511','Dena@gmail.com'),
('ra115','Nabila','','Kartasura, Sukoharjo Kab.','Wanita','085281479862','Nabila@gmail.com'),
('ra116','Kevin','Purba','Blimbing, Malang Kota','Pria','082183317773','Kevin@gmail.com'),
('ra117','Narisha','Dewanti','Cibinong, Bogor Kab.','Wanita','081241324765','Narisha@gmail.com'),
('ra118','Evelyn','Pardede','Jonggol, Bogor Kab.','Wanita','182131664629','Evelyn@gmail.com'),
('ra119','Rayhan','Herawan','Cikarang Utara, Bekasi Kab.','Pria','085228951283','Rayhan@gmail.com'),
('ra120','Dimas','Fajari','Sukatani, Bekasi Kab.','Pria','085217712178','Dimas@gmail.com'),
('ra121','Rully','','Sawangan, Depok Kota','Pria','082145788834','Rully@gmail.com'),
('ra122','Joseva','','Rancaekek, Bandung Kab.','Pria','081232162534','Joseva@gmail.com'),
('ra123','dina','','Bojongsari, Depok Kota','Wanita','182132417469','dina@gmail.com'),
('ra124','Yoan','Noer','Pagedangan, Tangerang Kab.','Pria','085226269717','Yoan@gmail.com'),
('ra125','Ratmi','Isnaini','Jagakarsa, Jakarta Selatan','Wanita','085221343423','Ratmi@gmail.com'),
('ra126','Muhammad','Akbar','Sawangan, Depok Kota','Pria','082147288366','Muhammad@gmail.com'),
('ra127','Taufik','','Banjar Baru Utara, Banjarbaru Kota','Pria','081231732811','Taufik@gmail.com'),
('ra128','Sherly','','Ceper, Klaten Kab.','Wanita','182195334837','Sherly@gmail.com'),
('ra129','Basith','Yala','Jati Sampurna, Bekasi Kota','Pria','085227161223','Basith@gmail.com'),
('ra130','RIZKI','','Pancoran Mas, Depok Kota','Pria','085276161249','RIZKI@gmail.com'),
('ra131','Xaviera','','Gubeng, Surabaya Kota','Wanita','082144752575','Xaviera@gmail.com'),
('ra132','Istauton','','Kebayoran Baru, Jakarta Selatan','Wanita','081281365725','Istauton@gmail.com'),
('ra133','Syifa','Afiifah','Kebayoran Baru, Jakarta Selatan','Wanita','182144966449','Syifa@gmail.com'),
('ra134','Salma','Muchtar','Tanjung Priok, Jakarta Utara','Wanita','085286966217','Salma@gmail.com'),
('ra135','Aidah','','Gajah Mungkur, Semarang Kota','Wanita','085217877665','Aidah@gmail.com'),
('ra136','Fadilla','Prashanty','Jagakarsa, Jakarta Selatan','Wanita','082168586391','Fadilla@gmail.com'),
('ra137','Lutfi','Ramadhika','Tanjung Priok, Jakarta Utara','Pria','081247286151','Lutfi@gmail.com'),
('ra138','Prahesti','Nugroho','Soekarno Hatta, Bandung Kota','Pria','182126818312','Prahesti@gmail.com'),
('ra139','Syam','','Bekasi Utara, Bekasi Kota','Pria','085249786318','Syam@gmail.com'),
('ra140','Lavenia','Ardana','Jatinegara, Jakarta Timur','Wanita','085274911533','Lavenia@gmail.com'),
('ra141','Thoriq','Adji','Pinang (Penang), Tangerang Kota','Pria','082122825662','Thoriq@gmail.com'),
('ra142','Miranda','','Serpong, Tangerang Selatan Kota','Wanita','081282635282','Miranda@gmail.com'),
('ra143','Achmad','','Kebayoran Baru, Jakarta Selatan','Pria','182142265213','Achmad@gmail.com'),
('ra144','Muhamad','Razaqa','Cilodong, Depok Kota','Pria','085244879197','Muhamad@gmail.com'),
('ra145','Revalino','','Harjamukti, Cirebon Kota','Pria','085281324847','Revalino@gmail.com'),
('ra146','annisa','utami','Lengkong, Bandung Kota','Wanita','082138196534','annisa@gmail.com'),
('ra147','Hardi','Millany','Cimanggis, Depok Kota','Pria','081288986569','Hardi@gmail.com'),
('ra148','Audri','Indratmo','Antapani (Cicadas), Bandung Kota','Wanita','182152177768','Audri@gmail.com'),
('ra149','Sabila','','Pondok Melati, Bekasi Kota','Wanita','085264622894','Sabila@gmail.com'),
('ra150','Samuel','Agus','Tangerang, Tangerang Kota','Pria','085266993253','Samuel@gmail.com'),
('ra151','Mega','Rinawaty','Kebayoran Baru, Jakarta Selatan','Wanita','082189549899','Mega@gmail.com'),
('ra152','Rosi','','Gununganyar, Surabaya Kota','Wanita','081226317969','Rosi@gmail.com'),
('ra153','Husna','K','Pagedangan, Tangerang Kab.','Wanita','182166157642','Husna@gmail.com'),
('ra154','Kerenhapukh','Zebua','Tanjung Duren, Jakarta Barat','Pria','085292395191','Kerenhapukh@gmail.com'),
('ra155','Alyssa','Fadiyah','Margaasih, Bandung Kab.','Wanita','085228736573','Alyssa@gmail.com'),
('ra156','Rona','','Banjarmasin Timur, Banjarmasin Kota','Wanita','082122425192','Rona@gmail.com'),
('ra157','Nabila','','Lowokwaru, Malang Kota','Wanita','081231479562','Nabila@gmail.com'),
('ra158','Stefany','','Jonggol, Bogor Kab.','Wanita','182117632183','Stefany@gmail.com'),
('ra159','Lucia','','Makassar, Makassar Kota','Wanita','085218465218','Lucia@gmail.com'),
('ra160','Mahestya','Rahvi','Mustika Jaya, Bekasi Kota','Wanita','085237611574','Mahestya@gmail.com'),
('ra161','Restu','','Ciputat Timur, Tangerang Selatan Kota','Wanita','082192754259','Restu@gmail.com'),
('ra162','Dita','Lestari','Serpong, Tangerang Selatan Kota','Wanita','081237656592','Dita@gmail.com'),
('ra163','Muhammad','Rafif','Tigaraksa, Tangerang Kab.','Pria','182141872282','Muhammad@gmail.com'),
('ra164','Risha','Sufillin','Cimahi Utara, Cimahi Kota','Wanita','085214456984','Risha@gmail.com'),
('ra165','Shafiera','','Depok, Sleman Kab.','Wanita','085236593974','Shafiera@gmail.com'),
('ra166','Ni','Tasyarani','Pererenan, Kab. Badung','Wanita','082184425189','Ni@gmail.com'),
('ra167','Rommy','Van','Makasar, Jakarta Timur','Pria','081257522935','Rommy@gmail.com'),
('ra168','Aditya','','Trawas, Mojokerto Kab.','Pria','182139931858','Aditya@gmail.com'),
('ra169','Alda','','Depok, Sleman Kab.','Wanita','085289852741','Alda@gmail.com'),
('ra170','Muhammad','Luthfi','Gununganyar, Surabaya Kota','Pria','085245922245','Muhammad@gmail.com'),
('ra171','Mettania','','Kebon Jeruk, Jakarta Barat','Wanita','082123183275','Mettania@gmail.com'),
('ra172','Fauzan','','Bekasi Selatan, Bekasi Kota','Pria','081221489186','Fauzan@gmail.com'),
('ra173','Meana','Oktafika','Lakarsantri, Surabaya Kota','Wanita','182132689273','Meana@gmail.com'),
('ra174','Aldina','Adhania','Cengkareng, Jakarta Barat','Wanita','085259823836','Aldina@gmail.com'),
('ra175','Trysni','','Menteng, Jakarta Pusat','Wanita','085247422764','Trysni@gmail.com'),
('ra176','Dary','Fathin','Serpong, Tangerang Selatan Kota','Wanita','082194652544','Dary@gmail.com'),
('ra177','Muhammad','','Cimanggis, Depok Kota','Pria','081239918354','Muhammad@gmail.com'),
('ra178','Stefany','','Kebon Jeruk, Jakarta Barat','Wanita','182149131388','Stefany@gmail.com'),
('ra179','Intan','Fandini','Bekasi Selatan, Bekasi Kota','Wanita','085233887475','Intan@gmail.com'),
('ra180','Syifa','','Cangkringan, Sleman Kab.','Wanita','085269896267','Syifa@gmail.com'),
('ra181','Michelle','Suwandi','Margaasih, Bandung Kab.','Pria','082192686817','Michelle@gmail.com'),
('ra182','Jihan','','Bandung Kulon, Bandung Kota','Wanita','081277237612','Jihan@gmail.com'),
('ra183','Raden','Christi','Kartasura, Sukoharjo Kab.','Pria','182145513623','Raden@gmail.com'),
('ra184','Amanda','','Mijen, Semarang Kota','Wanita','085231749711','Amanda@gmail.com'),
('ra185','Ruben','oey','Baiturrahman, Banda Aceh Kota','Pria','085292973855','Ruben@gmail.com'),
('ra186','Astri','Radhyanti','Ngemplak, Sleman Kab.','Wanita','082193726187','Astri@gmail.com'),
('ra187','Shafa','Sudjayanti','Kota Baru, Jambi Kota','Wanita','081254232154','Shafa@gmail.com'),
('ra188','Mutiara','Faza','Jatinegara, Jakarta Timur','Wanita','182139945879','Mutiara@gmail.com'),
('ra189','Arol','','Cimanggis, Depok Kota','Pria','085215929228','Arol@gmail.com'),
('ra190','Andre','','Banguntapan, Bantul Kab.','Pria','085299319579','Andre@gmail.com'),
('ra191','Muhamad','','Ngaglik, Sleman Kab.','Pria','082193939669','Muhamad@gmail.com'),
('ra192','Dhiya','Mardhatillah','Tanah Abang, Jakarta Pusat','Wanita','081258282828','Dhiya@gmail.com'),
('ra193','Dwi','Perwitasari','Sei Binge (Bingai), Langkat Kab.','Wanita','182184669823','Dwi@gmail.com'),
('ra194','Devita','','Depok, Sleman Kab.','Wanita','085294783993','Devita@gmail.com'),
('ra195','Fadil','','Medan Area, Medan Kota','Pria','085294866527','Fadil@gmail.com'),
('ra196','Annisa','','Kebon Jeruk, Jakarta Barat','Wanita','082114394627','Annisa@gmail.com'),
('ra197','Natalia','','Tigaraksa, Tangerang Kab.','Wanita','081235987339','Natalia@gmail.com'),
('ra198','Zahra','Anandita','Serpong, Tangerang Selatan Kota','Wanita','182185961111','Zahra@gmail.com'),
('ra199','Yohan','','Lowokwaru, Malang Kota','Pria','085222255944','Yohan@gmail.com'),
('ra200','Gery','Patricia','Jatinegara, Jakarta Timur','Pria','085282159712','Gery@gmail.com'),
('ra201','Hazna','','Cilincing, Jakarta Utara','Wanita','082188478757','Hazna@gmail.com'),
('ra202','Nadhifah','Insani','Depok, Sleman Kab.','Wanita','081247584636','Nadhifah@gmail.com'),
('ra203','Natasha','Soliha','Dayeuhkolot, Bandung Kab.','Wanita','182123674337','Natasha@gmail.com'),
('ra204','Andrew','','Tebet, Jakarta Selatan','Pria','085264251369','Andrew@gmail.com'),
('ra205','Nur','Fauziah','Kuta, Kab. Badung','Wanita','085289966728','Nur@gmail.com'),
('ra206','Jajang','','Sindang Jaya, Tangerang Kab.','Pria','082147183787','Jajang@gmail.com'),
('ra207','Aulia','Assyifa','Pamulang, Tangerang Selatan Kota','Wanita','081232355362','Aulia@gmail.com'),
('ra208','Kirka','Apriali','Sawangan, Depok Kota','Wanita','182185962872','Kirka@gmail.com'),
('ra209','Zaratini','','Sidoarjo, Sidoarjo  Kab.','Wanita','085236887579','Zaratini@gmail.com'),
('ra210','Priska','Niken','Pondok Gede, Bekasi Kota','Wanita','085269997736','Priska@gmail.com'),
('ra211','Evanbill','Kore','Medan Kota, Medan Kota','Wanita','082163866573','Evanbill@gmail.com'),
('ra212','Muhammad','Alfarizi','Pasar Minggu, Jakarta Selatan','Pria','081278717472','Muhammad@gmail.com'),
('ra213','Maria','Primaningtyas','Menteng, Jakarta Pusat','Wanita','182125619392','Maria@gmail.com'),
('ra214','Zevan','Yuzka','Pondok Aren, Tangerang Selatan Kota','Wanita','085239999539','Zevan@gmail.com'),
('ra215','I','Hendra','Cicendo, Bandung Kota','Pria','085273927745','I@gmail.com'),
('ra216','Kevin','','Cibinong, Bogor Kab.','Pria','082153289459','Kevin@gmail.com'),
('ra217','Insan','Ramadhan','Beji, Depok Kota','Pria','081264924959','Insan@gmail.com'),
('ra218','Eva','','Serpong, Tangerang Selatan Kota','Wanita','182174964662','Eva@gmail.com'),
('ra219','Fachri','','Sunggal, Deli Serdang Kab.','Pria','085277768115','Fachri@gmail.com'),
('ra220','Ponco','Ariwibowo','Pancoran Mas, Depok Kota','Pria','085298691352','Ponco@gmail.com'),
('ra221','Aulia','','Rungkut, Surabaya Kota','Wanita','082146661932','Aulia@gmail.com'),
('ra222','Ayuning','Arief','Cilodong, Depok Kota','Wanita','081299129446','Ayuning@gmail.com'),
('ra223','Tirsa','','Pakualaman, Yogyakarta Kota','Wanita','182112614842','Tirsa@gmail.com'),
('ra224','Haana','Putri','Grogol Petamburan, Jakarta Barat','Wanita','085222865238','Haana@gmail.com'),
('ra225','Salsabila','','Serpong, Tangerang Selatan Kota','Wanita','085286977238','Salsabila@gmail.com'),
('ra226','Putri','','Mantrijeron, Yogyakarta Kota','Wanita','082186766383','Putri@gmail.com'),
('ra227','Angelina','Ayu','Sidoarjo, Sidoarjo  Kab.','Wanita','081212854977','Angelina@gmail.com'),
('ra228','Cynthia','','Cipayung, Jakarta Timur','Wanita','182173761197','Cynthia@gmail.com'),
('ra229','Shalfa','','Medan Kota, Medan Kota','Wanita','085252838987','Shalfa@gmail.com'),
('ra230','Muhammad','Fauzan','Pancoran, Jakarta Selatan','Pria','085244936546','Muhammad@gmail.com'),
('ra231','RIFDA','SANIY','Cipayung, Jakarta Timur','Wanita','082175769176','RIFDA@gmail.com'),
('ra232','Yahma','','Kibin, Serang Kab.','Wanita','081246111666','Yahma@gmail.com'),
('ra233','Aulira','Sari','Sukmajaya, Depok Kota','Wanita','182141667276','Aulira@gmail.com'),
('ra234','Febri','','Purwokerto Selatan, Banyumas Kab.','Pria','085266136689','Febri@gmail.com'),
('ra235','Salsabila','','Medan Selayang, Medan Kota','Wanita','085282244536','Salsabila@gmail.com'),
('ra236','Kinta','','Sawangan, Depok Kota','Pria','082134519588','Kinta@gmail.com'),
('ra237','Fariz','Azhar','Ngaglik, Sleman Kab.','Pria','081282947882','Fariz@gmail.com'),
('ra238','Indra','Saputra','Cimanggis, Depok Kota','Pria','182164642945','Indra@gmail.com'),
('ra239','Laila','','Purwokerto Selatan, Banyumas Kab.','Wanita','085254675788','Laila@gmail.com'),
('ra240','Amalia','Kusuma','Blimbing, Malang Kota','Wanita','085228297582','Amalia@gmail.com'),
('ra241','Handini','','Waru, Sidoarjo  Kab.','Wanita','082192694376','Handini@gmail.com'),
('ra242','Amanda','Elvandari','Bogor Barat - Kota, Bogor Kota','Wanita','081254692415','Amanda@gmail.com'),
('ra243','Khanidya','','Pondok Gede, Bekasi Kota','Wanita','182112679741','Khanidya@gmail.com'),
('ra244','Haya','','Cikarang Pusat, Bekasi Kab.','Wanita','085256585793','Haya@gmail.com'),
('ra245','Rizky','','Depok, Sleman Kab.','Pria','085232494167','Rizky@gmail.com'),
('ra246','Shanice','','Gununganyar, Surabaya Kota','Wanita','082159795957','Shanice@gmail.com'),
('ra247','Priani','Sudarma','Bandung Kulon, Bandung Kota','Pria','081245684595','Priani@gmail.com'),
('ra248','Khalisha','Kartowisastro','Tanah Sereal, Bogor Kota','Wanita','182151666539','Khalisha@gmail.com'),
('ra249','Tafia','Putri','Kebayoran Lama, Jakarta Selatan','Wanita','085232763378','Tafia@gmail.com'),
('ra250','Alia','Nurkamal','Kartasura, Sukoharjo Kab.','Wanita','085242942494','Alia@gmail.com'),
('ra251','Nabilah','Riska','Gubeng, Surabaya Kota','Wanita','082176263728','Nabilah@gmail.com'),
('ra252','Fadhilah','','Padalarang, Bandung Barat Kab.','Wanita','081229421446','Fadhilah@gmail.com'),
('ra253','Ardian','','Jatinegara, Jakarta Timur','Pria','182123199527','Ardian@gmail.com'),
('ra254','Husein','Sukarno','Mojoroto, Kediri Kota','Pria','085266942756','Husein@gmail.com'),
('ra255','Alif','Putri','Banyumanik, Semarang Kota','Wanita','085234991543','Alif@gmail.com'),
('ra256','Muhammad','','Wonokromo, Surabaya Kota','Pria','082134449475','Muhammad@gmail.com'),
('ra257','Fifian','','Tigaraksa, Tangerang Kab.','Wanita','081244732586','Fifian@gmail.com'),
('ra258','Nabil','','Cilincing, Jakarta Utara','Wanita','182124888917','Nabil@gmail.com'),
('ra259','Evi','','Arcamanik, Bandung Kota','Pria','085295847998','Evi@gmail.com'),
('ra260','Veronica','Astuti','Katapang, Bandung Kab.','Wanita','085279731372','Veronica@gmail.com'),
('ra261','Taqiya','Putri','Makassar, Makassar Kota','Wanita','082117536665','Taqiya@gmail.com'),
('ra262','Christian','','Waru, Sidoarjo  Kab.','Wanita','081211722199','Christian@gmail.com'),
('ra263','Galih','','Pondok Aren, Tangerang Selatan Kota','Pria','182147561538','Galih@gmail.com'),
('ra264','Soffa','Verlianda','Tigaraksa, Tangerang Kab.','Wanita','085281669626','Soffa@gmail.com'),
('ra265','Faisal','','Pasar Kemis, Tangerang Kab.','Pria','085278414315','Faisal@gmail.com'),
('ra266','Adi','Purbaya','Pagedangan, Tangerang Kab.','Pria','082187316493','Adi@gmail.com'),
('ra267','Michel','Uno','Pinang (Penang), Tangerang Kota','Pria','081291243317','Michel@gmail.com'),
('ra268','Chairunnisa','','Banyudono, Boyolali Kab.','Wanita','182169563417','Chairunnisa@gmail.com'),
('ra269','Zahira','Ramadhani','Setia Budi, Jakarta Selatan','Wanita','085221637788','Zahira@gmail.com'),
('ra270','Nadya','','Pedurungan, Semarang Kota','Wanita','085276391772','Nadya@gmail.com'),
('ra271','Gita','Nur','Kosambi, Tangerang Kab.','Wanita','082159322642','Gita@gmail.com'),
('ra272','Sandrina','','Kelapa Dua, Tangerang Kab.','Wanita','081231997237','Sandrina@gmail.com'),
('ra273','Kartika','Kirana','Argomulyo, Salatiga Kota','Wanita','182123383663','Kartika@gmail.com'),
('ra274','Pande','Ngurah','Curug, Tangerang Kab.','Pria','085243456944','Pande@gmail.com'),
('ra275','Ansell','Anderson','Cisauk, Tangerang Kab.','Wanita','085245446425','Ansell@gmail.com'),
('ra276','Dafa','','Cikupa, Tangerang Kab.','Pria','082147439868','Dafa@gmail.com'),
('ra277','Christopher','','Pancoran Mas, Depok Kota','Pria','081278899575','Christopher@gmail.com'),
('ra278','Lilyana','Zahra','Cileungsi, Bogor Kab.','Wanita','182171595914','Lilyana@gmail.com'),
('ra279','Laura','Dhayuningrum','Tanah Abang, Jakarta Pusat','Wanita','085221373892','Laura@gmail.com'),
('ra280','Sherliana','','Tegalsari, Surabaya Kota','Wanita','085223729817','Sherliana@gmail.com'),
('ra281','Michael','Pratama','Pacet, Mojokerto Kab.','Pria','082115737713','Michael@gmail.com'),
('ra282','Gracella','','Serpong, Tangerang Selatan Kota','Wanita','081283548244','Gracella@gmail.com'),
('ra283','Naufal','','Denpasar Timur, Denpasar Kota','Pria','182161935113','Naufal@gmail.com'),
('ra284','Adhitya','Pramudito','Bumi Serpong Damai, Tangerang Selatan Kota','Pria','085217957218','Adhitya@gmail.com'),
('ra285','Vania','','Kalasan, Sleman Kab.','Wanita','085221586369','Vania@gmail.com'),
('ra286','Janice','','Tangerang, Tangerang Kota','Wanita','082131366816','Janice@gmail.com'),
('ra287','Muhammad','Hadian','Pinang (Penang), Tangerang Kota','Pria','081262643412','Muhammad@gmail.com'),
('ra288','Via','','Kemiling, Bandar Lampung Kota','Wanita','182117957842','Via@gmail.com'),
('ra289','Ghanang','Putra','Kebayoran Baru, Jakarta Selatan','Pria','085222975366','Ghanang@gmail.com'),
('ra290','Muhammad','Syukriant','Rungkut, Surabaya Kota','Pria','085219711978','Muhammad@gmail.com'),
('ra291','Hamami','Fataqun','Rungkut, Surabaya Kota','Pria','082159722946','Hamami@gmail.com'),
('ra292','Bayu','','Neglasari, Tangerang Kota','Pria','081235594734','Bayu@gmail.com'),
('ra293','Alexander','','Karawaci, Tangerang Kota','Pria','182161762878','Alexander@gmail.com'),
('ra294','Aulia','Jannewton','Karang Tengah, Tangerang Kota','Wanita','085297475126','Aulia@gmail.com'),
('ra295','Gerry','Dito','Gading Serpong, Tangerang Kota','Pria','085285129865','Gerry@gmail.com'),
('ra296','Anisya','Ambarsari','Ciledug, Tangerang Kota','Wanita','082148461879','Anisya@gmail.com'),
('ra297','Astridya','Putri','Waru, Sidoarjo  Kab.','Wanita','081223151281','Astridya@gmail.com'),
('ra298','Kamal','Halim','Ciputat, Tangerang Selatan Kota','Pria','182135627772','Kamal@gmail.com'),
('ra299','Nabila','firdaus','Denpasar Barat, Denpasar Kota','Wanita','085275773149','Nabila@gmail.com'),
('ra300','Anggie','D.','Pulo Gadung, Jakarta Timur','Wanita','085267853356','Anggie@gmail.com');


INSERT INTO public.hotels(hotel_id, hotelname, address, price)
VALUES ('h001','Best Western Premier The Hive',' Jakarta Timur',700000),
('h002','ARTOTEL Suites Mangkuluhur Jakarta',' Jakarta Selatan','910791'),
('h003','Ra Suites Simatupang',' Jakarta Selatan','912000'),
('h004','Aryaduta Menteng',' Jakarta Pusat','1133000'),
('h005','Hotel Indonesia Kempinski Jakarta',' Jakarta Pusat','3394776'),
('h006','Fraser Residence Menteng Jakarta',' Jakarta Pusat','2452014'),
('h007','The Sultan Hotel & Residence Jakarta',' Jakarta Pusat','1497375'),
('h008','Intercontinental Jakarta Pondok Indah',' Jakarta Selatan','3854789'),
('h009','Hotel Mulia Senayan Jakarta',' Jakarta Pusat','2771215'),
('h010','Pullman Jakarta Central Park',' Jakarta Barat','2453880'),
('h011','Goodrich Suites, ARTOTEL Portfolio',' Jakarta Selatan','1149984'),
('h012','Oakwood PIK Jakarta',' Jakarta Utara','1666000'),
('h013','The Orient Jakarta-a Royal Hideaway Hotel',' Jakarta Pusat','3367429'),
('h014','Hotel Gran Mahakam',' Jakarta Selatan','1862000'),
('h015','DoubleTree by Hilton Hotel Jakarta - Diponegoro',' Jakarta Pusat','1875500'),
('h016','Gran Melia Jakarta',' Jakarta Selatan','2441999'),
('h017','Oakwood Suites La Maison Jakarta',' Jakarta Selatan','2708650'),
('h018','Central Park Mall Madison Park Apartment',' Jakarta Barat','367000'),
('h019','Sunlake Waterfront Resort & Convention',' Jakarta Utara','565722'),
('h020','Manhattan Hotel Jakarta',' Jakarta Selatan','1197000'),
('h021','Merlynn Park Hotel',' Jakarta Pusat','959999'),
('h022','The Grove Suites by GRAND ASTON',' Jakarta Selatan','1618363'),
('h023','Crowne Plaza Jakarta Residences',' Jakarta Selatan','809999'),
('h024','Hotel Borobudur Jakarta',' Jakarta Pusat','2721599'),
('h025','Fairmont Jakarta',' Jakarta Pusat','3993000'),
('h026','HARRIS Vertu Hotel Harmoni',' Jakarta Pusat','1733001'),
('h027','Grand Hyatt Jakarta',' Jakarta Pusat','4072860'),
('h028','Ayana Midplaza Jakarta Hotel',' Jakarta Pusat','3361743'),
('h029','Mandarin Oriental Jakarta',' Jakarta Pusat','5031180'),
('h030','Four Seasons Hotel Jakarta',' Jakarta Selatan','5207840'),
('h031','Ascott Jakarta',' Jakarta Pusat','2442000'),
('h032','The Gunawarman',' Jakarta Selatan','2641214'),
('h033','The Dharmawangsa Jakarta',' Jakarta Selatan','4159999'),
('h034','Shangri La Jakarta',' Jakarta Pusat','3404759'),
('h035','Le Meridien Jakarta',' Jakarta Pusat','3025000'),
('h036','Oakwood Premier Cozmo',' Jakarta Selatan','4886733'),
('h037','Pullman Jakarta Indonesia Thamrin CBD',' Jakarta Pusat','1913010'),
('h038','The Ritz-Carlton Jakarta, Mega Kuningan',' Jakarta Selatan','8470000'),
('h039','Ascott Kuningan Jakarta',' Jakarta Selatan','3601950'),
('h040','Grand Mercure Jakarta Harmoni',' Jakarta Pusat','1225269'),
('h041','The Mayflower, Jakarta - Marriott Executive Apt',' Jakarta Selatan','2299000'),
('h042','The Westin Jakarta',' Jakarta Selatan','4706900'),
('h043','The Hermitage, a Tribute Portfolio Hotel, Jakarta',' Jakarta Pusat','3509000'),
('h044','Oakwood Suites Kuningan Jakarta',' Jakarta Selatan','1734601'),
('h045','The Residences at The Ritz-Carlton Jakarta, Pacific Place',' Jakarta Selatan','4180000'),
('h046','Park Hyatt Jakarta',' Jakarta Pusat','4246011'),
('h047','Alila Scbd Jakarta',' Jakarta Selatan','5082000'),
('h048','Le Mridien Jakarta',' Jakarta Pusat','3388000'),
('h049','The Grand Mansion Menteng',' Jakarta Pusat','2947745'),
('h050','Apatel Gold Coast',' Jakarta Utara','664999'),
('h051','FLAMINGO RESIDENCE',' Jakarta Selatan','268341'),
('h052','Jakarta Property at Bassura Apartement',' Jakarta Timur','334375'),
('h053','Properti9 at Apartemen Green Pramuka',' Jakarta Pusat','360000'),
('h054','The St. Regis Jakarta',' Jakarta Selatan','4961000'),
('h055','ARSAKHA 001 Apartemen Cibubur Village By Nara Property',' Jakarta Timur','120000'),
('h056','Suite 3BR Kemang Village Apartment By Travelio',' Jakarta Selatan','5025253'),
('h057','Cozy and Elegant 2BR Kemang Village Apartment By Travelio',' Jakarta Selatan','2807290');

INSERT INTO public.rooms(room_id, hotel_id, type, "number", floor, status)
VALUES ('r001','h001','Standard Room','30','1',''),
('r002','h001','Superior Room','19','2',''),
('r003','h001','Deluxe Room','11','3',''),
('r004','h001','Family Room','13','4',''),
('r005','h001','Suite Room','20','5',''),
('r006','h002','Disabled Room','14','1',''),
('r007','h002','Twin Room','13','2',''),
('r008','h002','Family Room','18','3',''),
('r009','h002','Twin Room','14','4',''),
('r010','h002','Penthouse Room','28','5',''),
('r011','h003','Disabled Room','26','1',''),
('r012','h003','Standard Room','24','2',''),
('r013','h003','Disabled Room','25','3',''),
('r014','h003','Superior Room','22','4',''),
('r015','h003','Family Room','16','5',''),
('r016','h004','Disabled Room','22','1',''),
('r017','h004','Penthouse Room','19','2',''),
('r018','h004','Presidential Suite','17','3',''),
('r019','h004','Cabana Room','30','4',''),
('r020','h004','Suite Room','16','5',''),
('r021','h005','Suite Room','24','1',''),
('r022','h005','Deluxe Room','27','2',''),
('r023','h005','Suite Room','21','3',''),
('r024','h005','Twin Room','21','4',''),
('r025','h005','Murphy Room','20','5',''),
('r026','h006','Smoking dan Non-Smoking Room','17','1',''),
('r027','h006','Twin Room','13','2',''),
('r028','h006','Presidential Suite','13','3',''),
('r029','h006','Smoking dan Non-Smoking Room','22','4',''),
('r030','h006','Deluxe Room','16','5',''),
('r031','h007','Penthouse Room','26','1',''),
('r032','h007','Standard Room','11','2',''),
('r033','h007','Single Room','11','3',''),
('r034','h007','Deluxe Room','24','4',''),
('r035','h007','Smoking dan Non-Smoking Room','30','5',''),
('r036','h008','Murphy Room','17','1',''),
('r037','h008','Superior Room','13','2',''),
('r038','h008','Smoking dan Non-Smoking Room','18','3',''),
('r039','h008','Murphy Room','19','4',''),
('r040','h008','Junior Suite','14','5',''),
('r041','h009','Penthouse Room','25','1',''),
('r042','h009','Connecting Room','30','2',''),
('r043','h009','Penthouse Room','24','3',''),
('r044','h009','Murphy Room','25','4',''),
('r045','h009','Suite Room','19','5',''),
('r046','h010','Deluxe Room','12','1',''),
('r047','h010','Disabled Room','27','2',''),
('r048','h010','Connecting Room','28','3',''),
('r049','h010','Single Room','15','4',''),
('r050','h010','Cabana Room','19','5',''),
('r051','h011','Superior Room','17','1',''),
('r052','h011','Deluxe Room','10','2',''),
('r053','h011','Twin Room','16','3',''),
('r054','h011','Cabana Room','13','4',''),
('r055','h011','Superior Room','23','5',''),
('r056','h012','Murphy Room','24','1',''),
('r057','h012','Deluxe Room','29','2',''),
('r058','h012','Twin Room','14','3',''),
('r059','h012','Deluxe Room','16','4',''),
('r060','h012','Standard Room','15','5',''),
('r061','h013','Presidential Suite','30','1',''),
('r062','h013','Double Room','19','2',''),
('r063','h013','Disabled Room','23','3',''),
('r064','h013','Connecting Room','28','4',''),
('r065','h013','Presidential Suite','25','5',''),
('r066','h014','Deluxe Room','24','1',''),
('r067','h014','Penthouse Room','16','2',''),
('r068','h014','Disabled Room','28','3',''),
('r069','h014','Presidential Suite','17','4',''),
('r070','h014','Junior Suite','23','5',''),
('r071','h015','Deluxe Room','13','1',''),
('r072','h015','Superior Room','19','2',''),
('r073','h015','Family Room','27','3',''),
('r074','h015','Suite Room','22','4',''),
('r075','h015','Single Room','29','5',''),
('r076','h016','Deluxe Room','14','1',''),
('r077','h016','Double Room','25','2',''),
('r078','h016','Superior Room','16','3',''),
('r079','h016','Deluxe Room','10','4',''),
('r080','h016','Superior Room','20','5',''),
('r081','h017','Deluxe Room','10','1',''),
('r082','h017','Murphy Room','22','2',''),
('r083','h017','Cabana Room','19','3',''),
('r084','h017','Presidential Suite','23','4',''),
('r085','h017','Superior Room','24','5',''),
('r086','h018','Deluxe Room','26','1',''),
('r087','h018','Single Room','29','2',''),
('r088','h018','Family Room','13','3',''),
('r089','h018','Penthouse Room','16','4',''),
('r090','h018','Standard Room','18','5',''),
('r091','h019','Smoking dan Non-Smoking Room','30','1',''),
('r092','h019','Family Room','16','2',''),
('r093','h019','Penthouse Room','18','3',''),
('r094','h019','Cabana Room','15','4',''),
('r095','h019','Standard Room','23','5',''),
('r096','h020','Junior Suite','11','1',''),
('r097','h020','Murphy Room','19','2',''),
('r098','h020','Junior Suite','26','3',''),
('r099','h020','Twin Room','17','4',''),
('r100','h020','Murphy Room','22','5',''),
('r101','h021','Family Room','17','1',''),
('r102','h021','Standard Room','28','2',''),
('r103','h021','Smoking dan Non-Smoking Room','19','3',''),
('r104','h021','Superior Room','30','4',''),
('r105','h021','Single Room','29','5',''),
('r106','h022','Penthouse Room','18','1',''),
('r107','h022','Smoking dan Non-Smoking Room','12','2',''),
('r108','h022','Single Room','28','3',''),
('r109','h022','Superior Room','30','4',''),
('r110','h022','Standard Room','18','5',''),
('r111','h023','Superior Room','18','1',''),
('r112','h023','Cabana Room','28','2',''),
('r113','h023','Twin Room','24','3',''),
('r114','h023','Single Room','14','4',''),
('r115','h023','Suite Room','23','5',''),
('r116','h024','Penthouse Room','30','1',''),
('r117','h024','Suite Room','28','2',''),
('r118','h024','Murphy Room','17','3',''),
('r119','h024','Smoking dan Non-Smoking Room','10','4',''),
('r120','h024','Suite Room','24','5',''),
('r121','h025','Smoking dan Non-Smoking Room','12','1',''),
('r122','h025','Twin Room','22','2',''),
('r123','h025','Presidential Suite','27','3',''),
('r124','h025','Family Room','10','4',''),
('r125','h025','Standard Room','19','5',''),
('r126','h026','Presidential Suite','25','1',''),
('r127','h026','Cabana Room','16','2',''),
('r128','h026','Standard Room','10','3',''),
('r129','h026','Single Room','11','4',''),
('r130','h026','Deluxe Room','24','5',''),
('r131','h027','Cabana Room','28','1',''),
('r132','h027','Twin Room','26','2',''),
('r133','h027','Family Room','14','3',''),
('r134','h027','Suite Room','27','4',''),
('r135','h027','Twin Room','10','5',''),
('r136','h028','Junior Suite','16','1',''),
('r137','h028','Deluxe Room','23','2',''),
('r138','h028','Superior Room','30','3',''),
('r139','h028','Smoking dan Non-Smoking Room','19','4',''),
('r140','h028','Smoking dan Non-Smoking Room','26','5',''),
('r141','h029','Twin Room','14','1',''),
('r142','h029','Double Room','20','2',''),
('r143','h029','Smoking dan Non-Smoking Room','25','3',''),
('r144','h029','Penthouse Room','19','4',''),
('r145','h029','Suite Room','20','5',''),
('r146','h030','Cabana Room','16','1',''),
('r147','h030','Deluxe Room','12','2',''),
('r148','h030','Deluxe Room','26','3',''),
('r149','h030','Twin Room','22','4',''),
('r150','h030','Superior Room','20','5',''),
('r151','h031','Deluxe Room','22','1',''),
('r152','h031','Smoking dan Non-Smoking Room','25','2',''),
('r153','h031','Cabana Room','10','3',''),
('r154','h031','Twin Room','25','4',''),
('r155','h031','Family Room','14','5',''),
('r156','h032','Superior Room','11','1',''),
('r157','h032','Superior Room','24','2',''),
('r158','h032','Twin Room','28','3',''),
('r159','h032','Family Room','12','4',''),
('r160','h032','Double Room','26','5',''),
('r161','h033','Cabana Room','26','1',''),
('r162','h033','Cabana Room','14','2',''),
('r163','h033','Penthouse Room','22','3',''),
('r164','h033','Smoking dan Non-Smoking Room','20','4',''),
('r165','h033','Presidential Suite','14','5',''),
('r166','h034','Suite Room','12','1',''),
('r167','h034','Deluxe Room','20','2',''),
('r168','h034','Family Room','19','3',''),
('r169','h034','Smoking dan Non-Smoking Room','26','4',''),
('r170','h034','Connecting Room','11','5',''),
('r171','h035','Twin Room','10','1',''),
('r172','h035','Superior Room','27','2',''),
('r173','h035','Standard Room','13','3',''),
('r174','h035','Junior Suite','26','4',''),
('r175','h035','Superior Room','13','5',''),
('r176','h036','Double Room','17','1',''),
('r177','h036','Cabana Room','25','2',''),
('r178','h036','Twin Room','24','3',''),
('r179','h036','Cabana Room','30','4',''),
('r180','h036','Suite Room','24','5',''),
('r181','h037','Connecting Room','26','1',''),
('r182','h037','Cabana Room','11','2',''),
('r183','h037','Deluxe Room','23','3',''),
('r184','h037','Disabled Room','28','4',''),
('r185','h037','Cabana Room','25','5',''),
('r186','h038','Superior Room','26','1',''),
('r187','h038','Connecting Room','21','2',''),
('r188','h038','Cabana Room','15','3',''),
('r189','h038','Twin Room','15','4',''),
('r190','h038','Junior Suite','30','5',''),
('r191','h039','Twin Room','17','1',''),
('r192','h039','Penthouse Room','12','2',''),
('r193','h039','Superior Room','12','3',''),
('r194','h039','Deluxe Room','11','4',''),
('r195','h039','Smoking dan Non-Smoking Room','25','5',''),
('r196','h040','Cabana Room','24','1',''),
('r197','h040','Murphy Room','26','2',''),
('r198','h040','Connecting Room','11','3',''),
('r199','h040','Single Room','24','4',''),
('r200','h040','Penthouse Room','21','5',''),
('r201','h041','Connecting Room','22','1',''),
('r202','h041','Penthouse Room','20','2',''),
('r203','h041','Deluxe Room','29','3',''),
('r204','h041','Junior Suite','25','4',''),
('r205','h041','Superior Room','10','5',''),
('r206','h042','Twin Room','12','1',''),
('r207','h042','Superior Room','22','2',''),
('r208','h042','Presidential Suite','23','3',''),
('r209','h042','Disabled Room','16','4',''),
('r210','h042','Penthouse Room','24','5',''),
('r211','h043','Junior Suite','13','1',''),
('r212','h043','Penthouse Room','15','2',''),
('r213','h043','Murphy Room','27','3',''),
('r214','h043','Disabled Room','19','4',''),
('r215','h043','Superior Room','11','5',''),
('r216','h044','Penthouse Room','11','1',''),
('r217','h044','Suite Room','28','2',''),
('r218','h044','Disabled Room','27','3',''),
('r219','h044','Murphy Room','11','4',''),
('r220','h044','Cabana Room','27','5',''),
('r221','h045','Family Room','30','1',''),
('r222','h045','Single Room','28','2',''),
('r223','h045','Connecting Room','17','3',''),
('r224','h045','Deluxe Room','29','4',''),
('r225','h045','Junior Suite','30','5',''),
('r226','h046','Smoking dan Non-Smoking Room','11','1',''),
('r227','h046','Double Room','27','2',''),
('r228','h046','Superior Room','26','3',''),
('r229','h046','Murphy Room','14','4',''),
('r230','h046','Suite Room','13','5',''),
('r231','h047','Twin Room','12','1',''),
('r232','h047','Penthouse Room','15','2',''),
('r233','h047','Superior Room','17','3',''),
('r234','h047','Family Room','12','4',''),
('r235','h047','Twin Room','25','5',''),
('r236','h048','Presidential Suite','29','1',''),
('r237','h048','Superior Room','16','2',''),
('r238','h048','Suite Room','15','3',''),
('r239','h048','Suite Room','26','4',''),
('r240','h048','Deluxe Room','21','5',''),
('r241','h049','Double Room','25','1',''),
('r242','h049','Penthouse Room','20','2',''),
('r243','h049','Cabana Room','25','3',''),
('r244','h049','Smoking dan Non-Smoking Room','11','4',''),
('r245','h049','Murphy Room','20','5',''),
('r246','h050','Twin Room','27','1',''),
('r247','h050','Disabled Room','26','2',''),
('r248','h050','Junior Suite','13','3',''),
('r249','h050','Junior Suite','23','4',''),
('r250','h050','Cabana Room','22','5',''),
('r251','h051','Deluxe Room','14','1',''),
('r252','h051','Murphy Room','20','2',''),
('r253','h051','Smoking dan Non-Smoking Room','17','3',''),
('r254','h051','Disabled Room','19','4',''),
('r255','h051','Deluxe Room','15','5',''),
('r256','h052','Murphy Room','22','1',''),
('r257','h052','Double Room','27','2',''),
('r258','h052','Superior Room','10','3',''),
('r259','h052','Standard Room','10','4',''),
('r260','h052','Standard Room','17','5',''),
('r261','h053','Twin Room','14','1',''),
('r262','h053','Penthouse Room','17','2',''),
('r263','h053','Disabled Room','17','3',''),
('r264','h053','Suite Room','17','4',''),
('r265','h053','Suite Room','17','5',''),
('r266','h054','Disabled Room','10','1',''),
('r267','h054','Disabled Room','13','2',''),
('r268','h054','Junior Suite','11','3',''),
('r269','h054','Connecting Room','22','4',''),
('r270','h054','Connecting Room','21','5',''),
('r271','h055','Murphy Room','25','1',''),
('r272','h055','Junior Suite','29','2',''),
('r273','h055','Penthouse Room','12','3',''),
('r274','h055','Junior Suite','24','4',''),
('r275','h055','Presidential Suite','28','5',''),
('r276','h056','Smoking dan Non-Smoking Room','16','1',''),
('r277','h056','Smoking dan Non-Smoking Room','11','2',''),
('r278','h056','Cabana Room','24','3',''),
('r279','h056','Double Room','30','4',''),
('r280','h056','Disabled Room','25','5',''),
('r281','h057','Disabled Room','14','1',''),
('r282','h057','Cabana Room','28','2',''),
('r283','h057','Superior Room','24','3',''),
('r284','h057','Superior Room','30','4',''),
('r285','h057','Murphy Room','27','5','');


INSERT INTO public.booking_status(bookingstatus_id, status, description)		
VALUES ('bs000001','cash','pembayaran dengan cash'),
('bs000002','kartu kredit','pembayaran dengan kartu kredit'),
('bs000003','jaminan','pembayaran dengan jaminan');


INSERT INTO public.bookings(booking_id, reservationagent_id, guest_id, hotel_id, bookingstatus_id, startdate, enddate, roomcount)
VALUES ('b000001','ra007','g008','h009','bs000001','01/01/2023','03/01/2023','1'),
('b000002','ra015','g093','h001','bs000002','02/01/2023','10/01/2023','5'),
('b000003','ra001','g112','h021','bs000001','05/01/2023','07/01/2023','2'),
('b000004','ra001','g002','h001','bs000001','01/01/2023','08/01/2023','1'),
('b000005','ra009','g003','h008','bs000003','04/01/2023','14/01/2023','2'),
('b000006','ra010','g001','h003','bs000001','02/02/2023','03/02/2023','1'),
('b000007','ra004','g222','h025','bs000001','02/02/2023','04/02/2023','1'),
('b000008','ra005','g198','h022','bs000001','02/02/2023','05/02/2023','1'),
('b000009','ra012','g003','h046','bs000002','11/02/2023','15/02/2023','3'),
('b000010','ra019','g045','h012','bs000001','19/02/2023','21/02/2023','1');


INSERT INTO public.room_booked(roombooked_id, room_id, booking_id, rate)	
VALUES ('rb000001','r041','b000001','1'),
('rb000002','r003','b000002','1'),
('rb000003','r101','b000003','1'),
('rb000004','r002','b000004','2'),
('rb000005','r037','b000005','1'),
('rb000006','r012','b000006','1'),
('rb000007','r122','b000007','1'),
('rb000008','r110','b000008','2'),
('rb000009','r227','b000009','2'),
('rb000010','r059','b000010','1');

